commune	actifs22	aucun22	marche22	velo22	drm22	voiture22	tc22	sur_place22	actifs16	aucun16	marche16	deuxroues16	voiture16	tc16
05001	177.4	23.6	41.5	4.7	2	104.6	1	106.6	191.1	20.5	43.4	6.7	117.5	3
05003	174.8	17.7	45.1	4.1	0	88.9	19	121.9	212.6	40.2	53.4	1	111.9	6
05004	450.8	27.9	38.8	3.5	0	379.6	0.9	188.3	410	28.7	35.6	0	342.9	3
05006	1031.7	47.5	125.3	44.6	3	772.7	38.7	457.1	993.2	46.2	108.9	40.4	774.9	22.8
05007	139.3	21.8	11.9	2.1	0	101.8	1.8	91.4	169.1	20.5	22.5	2	124	0
05008	110	11	6	0	0	89	4	24	117	4	5	2	100	6
05009	30.1	3.8	1.9	0	0	23.5	0.9	13.2	36.6	4.8	5.8	0	26	0
05010	269.9	20.7	15	5	1	223.3	4.9	94.9	289.4	24.9	23.9	4	231.7	5
05011	205	15	3	3	1	179	4	40	191	6	3	4	177	1
05012	266.5	20.5	18.5	9.3	4.1	210.1	4.1	74.8	258.9	25.5	16.9	5.3	205.9	5.3
05013	59.6	4.7	2.8	0	0	51.1	0.9	17	64.1	4.2	5.3	1.1	53.6	0
05014	49	7	3	1	0	37	1	20	50	3	8	1	38	0
05016	104.3	5.7	3.8	0	1	90	3.8	24.7	82.6	7.7	4.8	1	65.3	3.8
05017	1162	55	33	5	6	1048	15	230	1109	54	32	7	1000	16
05018	137.9	5.9	1.9	0	0	129.1	1	16.3	168.1	6.3	7.4	0	152.3	2.1
05019	46	5	1	0	1	39	0	17	54.3	5	1	0	48.3	0
05021	43.1	5.9	2	1	0	34.3	0	14.7	55.4	4	2	1	47.3	1
05022	106.1	12.4	2	0.9	0	88.5	2.3	25.6	82.3	5.7	2.9	1.9	71.7	0
05023	4998.9	223.4	1068.6	184.6	41.2	3129.6	351.5	3850.1	5048.9	214	892.6	94.5	3561.4	286.4
05024	81.1	19.7	6.1	0	0	55.3	0	42.2	74.7	13.1	7.9	0	47.8	5.9
05025	91.3	6.2	0	2.1	0	82	1	14.5	87.2	12.9	3	0	71.3	0
05026	113.1	13.3	24.5	3.1	0	72.2	0	88.8	148.5	24.1	29.1	0	94.3	1
05027	95	3.8	4.7	0	0	82.6	3.8	24.7	89.5	2	5	1	79.6	2
05028	64.8	6.1	3	0	0	55.7	0	20.2	46	9.8	1	1	33.2	1
05029	404.2	26.1	24.9	2.1	3.1	337.2	10.8	101.2	351.3	32.8	14.9	2.9	295.6	5
05031	72	4	5	0	0	62	1	17	68	13	5	0	50	0
05032	58.2	1.9	1.9	0	1.9	52.6	0	8.5	61.4	2.1	1.1	0	58.2	0
05033	12.4	1	1	0	0	10.5	0	2.9	13.7	1	0	0	12.7	0
05035	15	0	0	0	0	15	0	1	12	0	0	0	12	0
05036	580.8	35.7	25.8	6.9	1	491.6	19.9	131.8	537.1	38.2	22.5	5.9	456.9	13.7
05037	235	9.7	1	3.9	2	215.4	2.9	27.3	202.2	9	1	2	188.2	2
05038	155.3	24.7	16.9	0.9	1	108.8	3	64.9	176.4	34.9	15.4	1	123.1	2.1
05039	307	21	13	1	1	266	5	90	290.7	34.5	18.2	2	234.1	2
05040	1368.7	89.2	92.1	30.7	7.7	1104.9	44.1	496.9	1246.4	61.6	82.7	22.1	1052.2	27.9
05044	49.4	7.1	3	0	0	39.3	0	24.2	60.5	5.3	3.3	0	49.9	2.2
05045	526.5	39.3	18	2.7	3.5	453.7	9.3	132.2	424.2	23	13.4	1	380.1	6.7
05046	2352.9	138.1	415.9	56.9	13.8	1639	89.2	1469.9	2208.8	129.8	404.9	48.8	1553.1	72.2
05047	44.8	10.3	10.3	2.8	0	21.5	0	30.8	52	10.6	17.3	1.9	21.2	1
05048	62.5	12.9	2	0	0	47.6	0	23.7	56.9	9.1	3	1	42.7	1
05049	28.5	2.2	0	0	1.1	24.2	1.1	7.7	12.1	2.4	0.8	0	8.8	0
05050	271.3	5.9	24.7	3.1	2	232.4	3.2	64.2	251.8	15.4	31.8	1.9	198.7	3.9
05051	9	1	1	0	0	7	0	5	10	6	0	0	4	0
05052	421.4	22.4	15.5	10.1	0	361.3	12	98.6	376.4	15.4	19.3	1.9	336	3.9
05053	179.9	17.1	7	1	1	150.8	3	64.3	198.7	21.1	12.1	3	162.6	0
05054	145	9	15	1	1	117	2	45	160	11	15	2	130	2
05055	112	8	10	2	0	83	9	29	117	8	7	0	97	5
05056	147.8	9.5	7.6	1.9	1.9	121.3	5.7	41.7	144.5	14.5	5.8	1	121.2	1.9
05057	136.7	5.3	2.1	4.2	0	120.8	4.3	19	119.5	8.2	2	1	106.2	2
05058	93	5	4	1	0	82	1	19	98	3	3	0	91	1
05059	476.8	21	11.5	1.1	4.2	434.9	4.2	67.1	392.5	14.9	10.6	4.3	361.7	1.1
05060	71.9	6.4	2.1	1.1	0	61.2	1.1	15	59.3	1.8	2.7	0	53.1	1.8
05061	16153.6	848.1	2599.4	819.9	192.3	10806.3	887.7	13558.1	16202.1	746.7	2603.8	777.8	10927	1146.8
05062	54	5	0	0	1	47	1	17	65	2	0	0	61	2
05063	274.3	42.2	51.4	6	2	168.7	4.1	183.1	276.9	47.8	65.1	2	154	8.1
05064	39	7.3	9.1	0	0	21.7	0.9	20.1	35	5.8	11.7	1.9	15.5	0
05065	950.6	38.8	129.8	8.9	8	726.4	38.6	442.7	987.7	61.3	158	14.1	735.2	19.1
05066	0	0	0	0	0	0	0	0	1	0	0	0	1	0
05068	222.2	19	3	1.1	1.1	196	2.1	52.3	186.6	16.4	7.7	1	157.6	3.9
05070	1251.6	45.1	158.4	32	4.9	945.6	65.6	707.8	1177.6	55.3	167.6	35.5	902.4	16.8
05071	184.6	11.1	4.4	0.9	2.6	162	3.6	37.1	152.7	5.9	3.9	0	140.9	2
05072	104.7	9	7	0	0	86.7	1.9	23.8	110.1	6.8	11.7	1	87.7	2.9
05073	153.2	7.5	5.8	1	0	138	0.9	29.2	174.6	10.4	8.3	2	153.9	0
05074	93.3	7.3	7.3	1	0	76.7	1	16.6	81.4	2.8	3.8	2.8	71	0.9
05075	234	14	2	1	0	215	2	32	193	8	3	1	181	0
05076	40	2	4	0	0	34	0	12	32	7	2	1	21	1
05077	140	15	15	1	0	108	1	92	130	17	14	3	94	2
05078	144	6.9	5.9	0	1	130.3	0	36.2	134.3	10.2	10.2	3.1	110.9	0
05079	451	37.9	93.9	8.4	0	299.1	11.7	281.4	482.6	42.3	113.3	3	299.4	24.6
05080	29	5	4	0	0	20	0	13	30	2	5	0	23	0
05081	19.9	4.5	0	0	0	14.5	0.9	5.4	20.3	3.1	2	0	15.2	0
05082	90.9	17.4	8.8	4.2	0	57.2	3.3	35.9	84.1	11.5	6.2	0.9	62	3.5
05084	221.8	24.2	3.1	0	5.3	188.1	1.1	48.4	204.6	15.2	8.1	5.1	172.1	4
05085	265.6	30.5	106.7	4	2	114.3	8.1	205.8	281.7	32.8	133.3	2.1	107	6.4
05086	32	0	0	0	0	31	1	14	28	3	0	0	25	0
05087	239.6	10.9	5.8	1	4.1	213.9	3.9	49.5	226.7	12.1	6	3	200.5	5
05089	32.6	4	0	1	0	26.7	1	9.9	21.2	3.4	0	0	17.8	0
05090	86.2	8.9	3	1	2	70.3	1	19.8	97.8	12.2	8.1	0	74.4	3.1
05091	15.6	3.9	0	0	0	11.7	0	6.8	19.2	2.9	0	0	15.3	1
05092	332.6	22.1	4.9	3.1	2.1	293.3	7.1	55.1	325.4	16.7	8.7	4	293.9	2
05093	165.5	16.2	32.1	4.9	0	105.4	7	103	175.5	20.1	39.1	5	105.3	6
05094	8	0	0	0	0	8	0	3	9	0	0	0	9	0
05095	105	5	5	0	0	95	0	21	94.3	5	3	1	83.3	2
05096	358.1	25.5	102.4	3.2	0	223.1	4	283.6	360.5	26.5	89	3.1	237.6	4.2
05097	117	12	15	4	1	85	0	52	121	8	14	2	92	5
05098	254.9	38.4	30.2	4.5	0	164.3	17.5	202.3	284.2	35.3	54	3.1	174.8	17.1
05099	46	2	0	1	0	41	2	6	37	2.1	3.1	2.1	28.8	1
05100	422.8	22.8	3.8	12.3	1	380.9	1.9	62.5	323.7	13.4	5.7	5.7	292.1	6.7
05101	485.2	32.2	46.3	9.1	0	380.5	17.1	212.6	519.1	37.1	52.2	5	412.7	12.1
05102	33.2	5.2	0	0	0	28	0	8.3	27.7	3	0	0	23.8	1
05103	332	26.4	8.1	1.8	1.9	288.8	5.2	74.9	328.4	20.2	37.2	7.5	260.4	3.2
05104	135.7	7	4	4	0	118.7	2	25	124.7	11.9	3	3	105.9	1
05106	125.8	8.8	4.8	0	0	110.2	1.9	32	122	8	5	0	106	3
05107	199	8	2	6	0	179	4	23	207	7	5	6	184	5
05108	70.3	3.1	3.1	0	0	64	0	18.9	66.5	3	4	1	56.6	2
05109	239.5	12	10	19	2	189.6	7	38.9	239.2	6	10.9	6.9	207.4	7.9
05110	124	20	16	1	0	85	2	82	138	17	24	5	87	5
05111	117.1	7.8	5.9	0.9	0	96.5	5.8	20.6	117.3	8.6	1.9	1.9	101.1	3.8
05112	39.3	6.2	2.1	0	1	29	1	13.4	31.7	5.8	1	1	24.1	0
05113	191.5	11.5	10.6	5.8	0	158.9	4.8	32.6	163.6	11	5	2	141.6	4
05114	113.9	14.7	5.8	4.8	1	84.8	2.8	44.6	106.2	16.9	6	0	80.4	3
05115	172.4	4.1	5.1	0	3.1	158.1	2	44.9	189	11.1	9.2	4.1	159.6	5.1
05116	104.8	6.1	0	0	0	97.7	1	12.2	105.4	5.9	2	1	86.7	9.8
05117	46.3	3.1	4.1	0	0	38	1	12.3	40.5	1	4.8	0	33.8	1
05118	534.2	45	22.6	9	3	445.8	8.9	151.2	524.7	33.2	20.1	11.1	452.3	7.9
05119	340.4	45	30.5	3.1	2	240.5	19.3	181.9	328.9	43.6	29.7	5	231.8	18.8
05121	85	6	1	0	0	77	1	17	67	8	1	0	57	1
05122	425	11	17	3	1	390	3	75	362	8	11	2	333	8
05123	771	39	21	7	2	691	11	179	667	48	13	6	593	7
05124	204.2	3.9	12.3	2.9	0	184.1	1	36.3	206.3	8.1	4	2	189.2	3
05126	203.8	20.4	23.3	3.9	3.9	148.4	3.9	137.6	181.3	34.2	24.2	1	98.6	23.3
05127	64	4	6	0	0	54	0	18	70	6	7	0	57	0
05128	305.2	21.5	7.2	2.1	1	271.4	2.1	59.4	273	14.8	9.9	0.9	243.5	4
05129	68	21	2	1	0	43	1	32	53	13	4	0	35	1
05130	69.7	10.4	1	1	1	53.1	3.1	11.4	54.2	3.1	2	0	48	1
05131	28.2	2.9	0	0	0	25.3	0	9.7	41.9	6.3	1	0	34.6	0
05132	823.7	54.1	99.9	10	2	645.7	12	345.7	822.6	71.1	92.2	21	634.1	4
05133	664.6	40.3	75.1	8.6	4	519.7	17	281.5	773.5	33.8	71.5	18.9	634.4	14.9
05134	164.9	11.3	5.5	3.7	0	138.6	5.9	31.6	148.1	5.7	6.6	0	134	1.9
05135	26	4	1	0	0	21	0	5	16	2	0	0	14	0
05136	354	19	13	1	0	320	1	85	358	30	7	4	309	8
05139	485	30.8	115.5	3.8	2.1	327.8	5	395.2	545.7	71.7	90.4	2	373.7	7.9
05140	156	11	6	0	0	139	0	30	132	15	18	3	94	2
05142	167	14.1	9.2	1	1	140.7	1	69.2	164.9	14	18	1	130.9	1
05144	31	3	2	2	1	23	0	7	38	5	3	2	27	1
05145	437.9	41.5	30.9	6.8	1.9	344.2	12.6	179	407.6	33.1	32.2	5.7	328.1	8.5
05146	49.6	14.9	2	0	0	30.8	2	21.8	42.7	12.9	7.9	0	21.8	0
05147	169.6	11.8	4.9	2	0	145.9	4.9	47.3	160.7	10.9	6.9	0	139.8	3
05148	291	11	14	2	0	262	2	72	261	18	9	3	226	5
05149	140.1	15.5	18.4	1	0	105.2	0	63.6	140	10.9	25.8	3	100.3	0
05151	579.8	15	19.3	5	4.1	532.3	4	94	568.1	21	15	5	522.2	5
05152	31	6	1	2	0	22	0	11	28	6	0	2	19	1
05153	153.5	19.5	12.6	0	0	121.5	0	57.4	131.1	14	11.2	0	104	1.9
05154	60.5	6.6	1.9	0	0	52	0	13.2	52	6	1	0	45	0
05155	16	1.9	0	1.9	0	11.3	0.9	5.7	13.4	0	2.1	0	11.4	0
05156	234.3	38.1	14.1	3	1	176.1	2	56.9	201.7	29.6	1.9	1.9	165.4	2.9
05157	74.3	23.2	21.2	2.9	0	27	0	63.7	112	30	30	1	47	4
05158	42.9	4.5	2.3	0	0	30.5	5.6	11.3	40.2	4.9	2.9	0	31.4	1
05159	37.2	2.9	0	1.9	0	32.4	0	10.5	36	4	0	0	32	0
05160	26.3	4.1	0	0	0	22.3	0	8.1	26.8	2	0	1	22.4	1.3
05161	414.3	28.5	78.7	7.9	4.9	283.2	11.1	226.2	501.6	31.7	123.9	8.2	321.4	16.4
05162	515.5	17.8	27.1	4.8	3	451.3	11.5	109.9	581.1	45.2	38.3	10.1	478.5	9.1
05163	60	5	8	1	0	45	1	20	46	3	4	0	39	0
05164	457	29	48	5	2	363	10	161	411	24	65	7	310	5
05165	92.6	9	10.6	0	0	69.2	3.9	37	101.8	8.1	9.1	0	81.6	3
05166	482	45	82	7	1	325	22	267	431	37	73	9	295	17
05167	35.6	6.9	5.9	1	0	21.7	0	14.8	38.3	12.4	0	0	25.9	0
05168	308.3	23.4	13.2	5.1	2	254.5	10.1	68.2	280.8	40.9	14	3	221.9	1
05169	24	3	1	0	0	20	0	11	13	1	0	0	12	0
05170	975.5	36.4	82.3	16.7	4	801.6	34.4	335	881.7	37.7	77.1	20.5	738.2	8.2
05171	112.4	7.3	11.4	0	0	92.6	1	32.3	94.5	9	10	0	73.6	2
05172	108.8	9	9.9	0	0	89	1	44.3	111.6	11.9	8.1	1	88.6	2
05173	190.5	9.5	6.3	4.1	1.1	165.1	4.3	51.7	192.4	10.9	6.9	3	168.7	2.9
05174	313.1	13.9	5.1	1	3	277.2	13	40.1	333.1	20.1	3	6	290.8	13.1
05176	118	3	8	0	0	106	1	15	117	5	4	2	104	2
05177	341	38	59	3	1	221	19	288	293	35	54	1	185	18
05178	268.7	12.5	10.1	2	0	242.1	2	85.4	230.1	26.6	2.9	6.7	193	1
05179	1076.1	57.5	161.5	21.2	2	790.5	43.4	603.7	1066.3	44.2	167.6	36.1	766.1	52.2
05180	254	12	3	4	1	228	6	41	230	23	6	1	191	9
05181	150.2	22	16.9	0.9	0	109.5	1	62.5	156.6	25.6	14	0	117	0
05182	11	0	1	0	0	10	0	5	20	5	1	0	14	0
05183	627	22	36	21	4	523	21	90	648	22	30	17	566	13
05184	100.2	7.9	6.9	0	0	83.5	1.9	23.7	100.5	11.1	3	1	83.4	2
