n,e,ind
14411,18888,50
14412,18885,331.5
14412,18886,52
14412,18887,13
14412,18890,82
14413,18884,79
14413,18890,109.5
14414,18882,179
14414,18883,48
14414,18890,114
14415,18881,577
14415,18882,320.5
14416,18880,380
14416,18881,5
14417,18880,36
14418,18880,13
14420,18881,146
14420,18882,146
14420,18883,367.5
14420,18884,132.5
14420,18885,62
14420,18886,13
14421,18880,206.5
14421,18881,191.5
14421,18882,222
14421,18883,198
14421,18884,193
14421,18885,159
14421,18886,21
14421,18889,9
14422,18878,155.5
14422,18879,203
14422,18880,213
14422,18881,153.5
14422,18882,219.5
14422,18883,178
14422,18884,154
14422,18885,194
14422,18886,99
14422,18889,136
14423,18878,159.5
14423,18879,218.5
14423,18880,201.5
14423,18881,278
14423,18882,288.5
14423,18883,205
14423,18884,243
14423,18885,193
14423,18886,17
14424,18877,278.5
14424,18878,374
14424,18879,267
14424,18880,500
14424,18881,303.5
14424,18882,247
14424,18883,235.5
14424,18884,6
14424,18885,84.5
14425,18876,15
14425,18877,367.5
14425,18878,243.5
14425,18879,211
14425,18880,303.5
14425,18881,222.5
14425,18882,118
14425,18883,274
14425,18884,483.5
14425,18885,123
14425,18886,4
14426,18875,755
14426,18876,98.5
14426,18877,376
14426,18878,234.5
14426,18879,160
14426,18880,202
14426,18881,148
14426,18882,37
14426,18885,3
14427,18873,42
14427,18874,459.5
14427,18875,392.5
14427,18876,274
14427,18877,20
14427,18878,94
14427,18879,167.5
14427,18880,11
14427,18887,4
14428,18874,16
14428,18875,43.5
14428,18877,6
14428,18879,24
14428,18880,113.5
14428,18881,106
14428,18882,12
14428,18883,935.5
14428,18884,339.5
14429,18875,227
14429,18876,1139
14429,18877,942
14429,18878,391.5
14429,18879,317.5
14429,18880,248.5
14429,18881,229
14429,18882,229
14429,18883,463
14429,18884,2935
14429,18885,46
14430,18874,559.5
14430,18875,1252
14430,18876,597.5
14430,18877,1319
14430,18878,1010.5
14430,18879,548.5
14430,18880,104
14430,18881,186.5
14430,18882,110
14430,18883,60
14430,18884,476
14430,18885,749
14430,18886,11
14430,18887,472
14431,18870,26
14431,18871,20
14431,18872,1682
14431,18873,295.5
14431,18874,439.5
14431,18876,36
14431,18877,69
14431,18878,373
14431,18879,238.5
14431,18880,435
14431,18881,356.5
14431,18882,511.5
14431,18883,67
14431,18884,550
14431,18885,646
14432,18870,94
14432,18874,426
14432,18875,1117
14432,18876,820.5
14432,18877,547.5
14432,18878,146
14432,18879,125.5
14432,18880,383
14432,18881,159.5
14432,18882,170
14432,18883,64
14432,18884,1939.5
14432,18885,1058.5
14432,18886,251
14433,18867,388.5
14433,18868,92.5
14433,18869,109
14433,18870,31.5
14433,18871,286
14433,18872,75
14433,18873,43
14433,18874,227
14433,18875,750
14433,18876,686
14433,18877,205.5
14433,18878,49
14433,18879,88
14433,18880,321.5
14433,18881,428
14433,18882,244
14433,18883,1232.5
14433,18884,312.5
14433,18885,47
14433,18886,131.5
14434,18867,304.5
14434,18868,607
14434,18869,86.5
14434,18870,96.5
14434,18871,285
14434,18872,263.5
14434,18873,516.5
14434,18874,248.5
14434,18875,839.5
14434,18876,758.5
14434,18877,246
14434,18878,89.5
14434,18879,112
14434,18880,140
14434,18881,187.5
14434,18882,192
14434,18883,418
14434,18884,484.5
14434,18885,4
14435,18866,109.5
14435,18867,146
14435,18868,630
14435,18869,170.5
14435,18870,239.5
14435,18871,220
14435,18872,492.5
14435,18873,299
14435,18874,514
14435,18875,778.5
14435,18876,682
14435,18877,843
14435,18878,283
14435,18879,200.5
14435,18880,390
14435,18881,673
14435,18882,291.5
14435,18883,409.5
14435,18884,561
14435,18885,214.5
14436,18863,237
14436,18864,352
14436,18866,266
14436,18867,120
14436,18868,127
14436,18869,709.5
14436,18870,189.5
14436,18871,254
14436,18872,268.5
14436,18873,400.5
14436,18874,147
14436,18875,173
14436,18876,553
14436,18877,9
14436,18878,23
14436,18879,57
14436,18880,41.5
14436,18881,120.5
14436,18882,209
14436,18883,255
14436,18884,216.5
14436,18885,14
14437,18862,83
14437,18863,582
14437,18865,16
14437,18866,9
14437,18867,5
14437,18869,2
14437,18870,105.5
14437,18871,123.5
14437,18872,269.5
14437,18873,240
14437,18874,130.5
14437,18875,116.5
14437,18876,133
14437,18877,16
14437,18878,37
14437,18879,20
14437,18880,13
14437,18881,98
14437,18882,123
14437,18883,583
14437,18884,111.5
14437,18885,119
14437,18886,667.5
14438,18862,239
14438,18863,196.5
14438,18864,165
14438,18865,8
14438,18866,58
14438,18867,2
14438,18871,11
14438,18873,71
14438,18874,161.5
14438,18875,23.5
14438,18876,1
14438,18881,6
14438,18882,50
14438,18883,433.5
14438,18884,180.5
14438,18885,196
14438,18886,181
14438,18887,515
14438,18888,200
14439,18860,369
14439,18861,368.5
14439,18862,316
14439,18863,363
14439,18864,922.5
14439,18865,520
14439,18867,89
14439,18868,12
14439,18869,194.5
14439,18870,91
14439,18871,248
14439,18882,66
14439,18883,118
14439,18884,191.5
14439,18885,204.5
14439,18886,208.5
14439,18887,366
14439,18888,212.5
14440,18826,863.5
14440,18827,1185
14440,18828,1132
14440,18829,1009
14440,18830,842.5
14440,18831,608.5
14440,18837,823.5
14440,18838,1019
14440,18860,374
14440,18861,254
14440,18862,254
14440,18863,141
14440,18864,200
14440,18865,290
14440,18866,273.5
14440,18867,458.5
14440,18868,670
14440,18869,854
14440,18870,317
14440,18871,167
14440,18872,175
14440,18882,77
14440,18883,132
14440,18884,166.5
14440,18885,284
14440,18886,179.5
14440,18887,149
14440,18888,217.5
14440,18889,139.5
14441,18826,115.5
14441,18827,655.5
14441,18828,491
14441,18829,36
14441,18830,795.5
14441,18831,796
14441,18832,924
14441,18833,1026.5
14441,18836,1195.5
14441,18837,1090.5
14441,18838,565.5
14441,18856,160.5
14441,18857,322
14441,18858,406.5
14441,18859,363
14441,18860,226.5
14441,18861,202
14441,18862,171.5
14441,18864,11
14441,18865,207
14441,18866,262.5
14441,18867,446.5
14441,18868,605
14441,18869,393
14441,18870,897
14441,18871,353.5
14441,18872,177
14441,18873,896
14441,18876,1
14441,18882,143.5
14441,18883,185.5
14441,18884,145
14441,18885,185.5
14441,18886,80
14441,18887,267
14441,18888,190.5
14441,18889,205.5
14441,18890,183.5
14442,18826,51
14442,18827,503.5
14442,18828,758.5
14442,18829,612.5
14442,18830,656.5
14442,18831,1034
14442,18832,663
14442,18833,711
14442,18834,598
14442,18835,645.5
14442,18836,535.5
14442,18837,373.5
14442,18838,328.5
14442,18839,322
14442,18840,254.5
14442,18841,400
14442,18856,58
14442,18857,192.5
14442,18858,269
14442,18859,214
14442,18860,349.5
14442,18861,322.5
14442,18862,365.5
14442,18863,464
14442,18864,1725.5
14442,18865,188
14442,18866,516
14442,18867,426.5
14442,18868,161
14442,18869,183
14442,18870,264.5
14442,18871,808
14442,18872,897.5
14442,18875,38.5
14442,18882,194
14442,18883,177
14442,18884,121
14442,18885,250.5
14442,18886,249
14442,18887,110.5
14442,18888,209.5
14442,18889,192
14442,18890,185
14443,18827,345
14443,18828,687.5
14443,18829,427.5
14443,18830,732
14443,18831,1003
14443,18832,946.5
14443,18833,590.5
14443,18834,711.5
14443,18835,1170
14443,18836,638.5
14443,18837,427.5
14443,18838,309.5
14443,18839,51
14443,18842,116
14443,18843,614
14443,18844,490
14443,18845,280.5
14443,18854,202
14443,18855,22
14443,18856,86.5
14443,18857,141
14443,18858,240
14443,18859,252.5
14443,18860,249
14443,18861,418
14443,18862,362.5
14443,18863,281
14443,18864,149
14443,18865,68.5
14443,18866,312
14443,18867,86
14443,18868,359.5
14443,18869,209
14443,18870,524
14443,18871,701
14443,18872,184
14443,18882,46.5
14443,18883,88.5
14443,18884,12
14443,18885,113
14443,18886,26
14443,18887,30
14443,18888,38
14443,18889,9
14443,18890,17
14444,18827,612
14444,18828,260
14444,18829,546
14444,18830,332
14444,18831,1058
14444,18832,1075.5
14444,18833,700
14444,18834,445.5
14444,18835,570
14444,18836,992
14444,18837,919
14444,18838,388.5
14444,18839,331
14444,18842,1572
14444,18843,7
14444,18844,105
14444,18845,1535.5
14444,18847,250
14444,18848,382
14444,18849,257
14444,18850,273
14444,18851,8
14444,18853,41
14444,18854,220
14444,18855,56
14444,18856,110
14444,18857,260
14444,18858,235.5
14444,18859,318
14444,18860,415
14444,18861,372
14444,18862,686
14444,18863,150
14444,18864,364.5
14444,18865,45
14444,18866,330.5
14444,18867,934
14444,18868,1199
14444,18869,36
14444,18870,613
14444,18871,897.5
14444,18872,913
14444,18874,1
14444,18876,5
14444,18880,4
14444,18881,69
14444,18882,93
14444,18883,276.5
14444,18884,23
14444,18885,92.5
14445,18827,936
14445,18828,801.5
14445,18829,804
14445,18830,416.5
14445,18831,333
14445,18832,837.5
14445,18833,655.5
14445,18834,736
14445,18835,896
14445,18836,2039
14445,18837,626.5
14445,18838,1333.5
14445,18839,174.5
14445,18840,898.5
14445,18841,5
14445,18842,751
14445,18843,158.5
14445,18844,5.5
14445,18845,223.5
14445,18846,165.5
14445,18847,734.5
14445,18848,378
14445,18849,490.5
14445,18850,135
14445,18851,86
14445,18853,897
14445,18854,88
14445,18855,1046
14445,18856,500.5
14445,18857,273.5
14445,18858,437.5
14445,18859,480.5
14445,18860,238.5
14445,18861,164.5
14445,18862,625
14445,18863,35
14445,18864,162.5
14445,18865,11
14445,18866,29
14445,18867,544.5
14445,18868,299.5
14445,18869,998
14445,18870,1427.5
14445,18871,916
14445,18872,129
14445,18873,7
14445,18877,1
14445,18878,215
14445,18879,701.5
14445,18880,171
14445,18881,140
14445,18882,208.5
14445,18883,606
14445,18884,487.5
14445,18885,286
14446,18826,25
14446,18827,634.5
14446,18828,593
14446,18829,677.5
14446,18830,144.5
14446,18831,561
14446,18832,307.5
14446,18833,393.5
14446,18834,1329.5
14446,18835,835.5
14446,18836,522
14446,18837,271
14446,18838,832.5
14446,18839,156
14446,18841,21
14446,18842,1107.5
14446,18843,344.5
14446,18844,217
14446,18845,81
14446,18846,1079
14446,18847,989.5
14446,18848,490
14446,18849,135
14446,18850,915.5
14446,18851,1109.5
14446,18852,52
14446,18853,457.5
14446,18854,284
14446,18855,570.5
14446,18856,311.5
14446,18857,860.5
14446,18858,287.5
14446,18859,285
14446,18860,195.5
14446,18861,1695.5
14446,18862,612.5
14446,18867,368.5
14446,18868,358
14446,18869,419
14446,18870,40
14446,18871,679.5
14446,18872,268.5
14446,18874,4
14446,18877,26
14446,18878,207
14446,18879,254.5
14446,18880,236.5
14446,18881,286
14446,18882,179
14446,18883,91
14446,18884,203.5
14447,18826,9
14447,18827,195
14447,18828,428
14447,18829,220.5
14447,18830,145.5
14447,18832,32
14447,18833,376.5
14447,18834,355
14447,18835,689.5
14447,18836,457
14447,18837,984
14447,18838,342
14447,18839,634.5
14447,18840,390
14447,18841,453.5
14447,18842,18
14447,18844,9
14447,18846,710
14447,18850,2014
14447,18851,328.5
14447,18852,160
14447,18853,430.5
14447,18854,283.5
14447,18855,479.5
14447,18856,577
14447,18857,463
14447,18858,1324
14447,18859,235
14447,18860,209.5
14447,18861,4
14447,18862,5
14447,18867,29
14447,18868,181
14447,18869,513
14447,18870,467.5
14447,18871,119
14447,18872,308
14447,18873,26
14447,18874,5
14447,18877,116
14447,18878,262
14447,18879,190.5
14447,18880,253.5
14447,18881,187.5
14447,18882,247
14447,18883,1075
14448,18827,117
14448,18828,1737
14448,18829,1169.5
14448,18830,386.5
14448,18832,1942
14448,18833,142.5
14448,18834,1598
14448,18835,858.5
14448,18836,972.5
14448,18837,859.5
14448,18838,593
14448,18839,333
14448,18840,326
14448,18841,244.5
14448,18842,15.5
14448,18843,13
14448,18844,31
14448,18845,11
14448,18846,338.5
14448,18847,90
14448,18848,21
14448,18849,290
14448,18850,209.5
14448,18851,161
14448,18852,288
14448,18853,258
14448,18854,207
14448,18855,414.5
14448,18856,252
14448,18857,83
14448,18858,533.5
14448,18859,213.5
14448,18860,199.5
14448,18863,35
14448,18864,64
14448,18865,12
14448,18867,1
14448,18868,86
14448,18869,38
14448,18870,368.5
14448,18871,957
14448,18872,373
14448,18873,178
14448,18874,18
14448,18875,92
14448,18876,44
14448,18877,211
14448,18878,227
14448,18879,210
14448,18880,222
14448,18881,207
14448,18882,227.5
14448,18883,506
14449,18828,810.5
14449,18829,313
14449,18831,395
14449,18832,1974.5
14449,18833,1170.5
14449,18834,208.5
14449,18835,478.5
14449,18836,512.5
14449,18837,573
14449,18838,771.5
14449,18839,514.5
14449,18840,424
14449,18841,299
14449,18842,22.5
14449,18843,230.5
14449,18844,88.5
14449,18846,590.5
14449,18847,248.5
14449,18848,40
14449,18850,57
14449,18851,148
14449,18852,364.5
14449,18853,350.5
14449,18854,423
14449,18855,253.5
14449,18856,237
14449,18857,263
14449,18858,471
14449,18859,523
14449,18860,34
14449,18861,26
14449,18862,101.5
14449,18863,254.5
14449,18864,125
14449,18865,179.5
14449,18866,61.5
14449,18867,45
14449,18868,3
14449,18869,115
14449,18870,82
14449,18871,1391
14449,18872,201.5
14449,18873,210.5
14449,18874,217.5
14449,18875,236
14449,18876,246.5
14449,18877,165
14449,18878,217.5
14449,18879,221
14449,18880,623
14449,18881,227
14449,18882,209
14449,18883,162.5
14449,18884,204
14450,18826,6
14450,18827,119
14450,18828,308.5
14450,18829,241.5
14450,18830,158.5
14450,18831,74
14450,18832,1272
14450,18833,467.5
14450,18834,453.5
14450,18835,495.5
14450,18836,392
14450,18837,435
14450,18838,572
14450,18839,668.5
14450,18840,861.5
14450,18841,356
14450,18842,471.5
14450,18843,190
14450,18844,106
14450,18845,254
14450,18846,132.5
14450,18847,585.5
14450,18849,1035
14450,18851,10
14450,18852,265
14450,18853,95
14450,18854,645
14450,18855,214.5
14450,18856,204.5
14450,18857,166
14450,18858,734
14450,18859,5
14450,18860,4
14450,18861,195.5
14450,18862,224
14450,18863,229
14450,18864,398
14450,18865,134
14450,18866,88
14450,18867,77
14450,18868,130
14450,18869,156.5
14450,18870,49
14450,18871,65
14450,18872,221.5
14450,18873,201
14450,18874,171
14450,18875,216
14450,18876,202
14450,18877,208.5
14450,18878,159
14450,18879,174
14450,18880,121.5
14450,18881,77.5
14450,18882,144.5
14450,18883,237
14450,18884,238
14451,18826,8
14451,18827,4
14451,18828,641.5
14451,18829,670
14451,18830,703.5
14451,18831,628
14451,18832,565.5
14451,18833,269.5
14451,18834,139
14451,18835,292
14451,18836,324
14451,18837,355.5
14451,18838,445
14451,18839,301
14451,18840,336.5
14451,18841,402.5
14451,18842,226
14451,18843,870
14451,18844,76
14451,18845,67.5
14451,18847,30
14451,18848,885
14451,18849,433.5
14451,18850,267.5
14451,18851,319
14451,18852,1153
14451,18853,321
14451,18854,268
14451,18855,111
14451,18856,227
14451,18857,112.5
14451,18858,24
14451,18861,170
14451,18862,198.5
14451,18863,188
14451,18864,292
14451,18865,555.5
14451,18866,1367
14451,18867,84
14451,18868,211
14451,18869,239
14451,18870,252
14451,18871,98.5
14451,18872,182
14451,18873,199.5
14451,18874,240.5
14451,18875,156
14451,18876,102.5
14451,18877,391.5
14451,18878,184
14451,18879,513
14451,18880,14
14451,18881,3
14451,18882,139
14451,18883,279
14451,18884,277.5
14451,18885,192
14452,18827,719
14452,18828,274
14452,18829,645
14452,18830,2083.5
14452,18831,373
14452,18832,1358
14452,18833,440
14452,18834,218
14452,18835,382.5
14452,18836,341.5
14452,18837,379
14452,18838,292.5
14452,18839,301
14452,18840,384
14452,18841,379.5
14452,18842,770
14452,18843,408
14452,18844,1490
14452,18845,27
14452,18847,356.5
14452,18848,678
14452,18850,18
14452,18851,452
14452,18852,997.5
14452,18853,723
14452,18854,208
14452,18855,167
14452,18856,190.5
14452,18857,116
14452,18858,44
14452,18859,31
14452,18860,4
14452,18861,83.5
14452,18862,81.5
14452,18863,126
14452,18864,101
14452,18865,246.5
14452,18866,135.5
14452,18867,123
14452,18868,205.5
14452,18869,208
14452,18870,207
14452,18871,699.5
14452,18872,72
14452,18873,79
14452,18874,99
14452,18875,99
14452,18876,336.5
14452,18877,1149
14452,18878,1056
14452,18879,507
14452,18883,150.5
14452,18884,257
14452,18885,290
14453,18827,967
14453,18828,442.5
14453,18829,581
14453,18830,690.5
14453,18831,422
14453,18832,981
14453,18833,1494.5
14453,18834,296.5
14453,18835,74
14453,18836,219
14453,18837,385.5
14453,18838,113
14453,18839,387
14453,18840,1014
14453,18841,475
14453,18842,578
14453,18843,1048.5
14453,18844,329.5
14453,18845,365.5
14453,18846,516.5
14453,18847,1156.5
14453,18848,518
14453,18850,1
14453,18851,532
14453,18852,1956.5
14453,18853,437.5
14453,18854,461.5
14453,18855,178
14453,18856,246.5
14453,18857,220
14453,18858,521
14453,18859,16
14453,18860,97
14453,18861,216
14453,18862,361.5
14453,18863,222.5
14453,18864,227
14453,18865,214
14453,18866,194
14453,18867,267.5
14453,18868,237
14453,18869,253.5
14453,18870,235
14453,18871,173.5
14453,18872,71
14453,18873,112
14453,18874,1076
14453,18875,289
14453,18876,137
14453,18877,2
14453,18878,645
14453,18883,19
14453,18884,211.5
14454,18827,586
14454,18828,547
14454,18829,443
14454,18830,288
14454,18831,908
14454,18832,420
14454,18833,1067
14454,18834,5
14454,18835,223
14454,18836,135
14454,18837,22
14454,18838,209.5
14454,18839,1018
14454,18840,902.5
14454,18841,144.5
14454,18842,1013.5
14454,18843,392.5
14454,18844,495.5
14454,18845,602
14454,18846,321
14454,18847,787
14454,18848,403.5
14454,18849,2
14454,18850,524.5
14454,18851,500
14454,18852,149
14454,18853,66
14454,18854,576
14454,18855,1222.5
14454,18856,218.5
14454,18857,124.5
14454,18858,1
14454,18860,8
14454,18861,171
14454,18862,155
14454,18863,175
14454,18864,260
14454,18865,194
14454,18866,301
14454,18867,294.5
14454,18868,242.5
14454,18869,219.5
14454,18870,136
14454,18871,191.5
14454,18872,317.5
14454,18873,452.5
14454,18874,77
14454,18875,23.5
14454,18876,51.5
14454,18880,1
14455,18827,750
14455,18828,691.5
14455,18829,618
14455,18830,409
14455,18831,394.5
14455,18832,483
14455,18833,421
14455,18834,414
14455,18835,1001.5
14455,18836,759.5
14455,18837,191
14455,18838,16
14455,18839,797
14455,18840,1081.5
14455,18841,189.5
14455,18842,235.5
14455,18843,250
14455,18844,715
14455,18845,375
14455,18846,833.5
14455,18847,1184
14455,18848,69
14455,18849,374.5
14455,18851,81.5
14455,18852,36.5
14455,18853,855
14455,18854,1595.5
14455,18855,954
14455,18856,248
14455,18857,38
14455,18858,43
14455,18859,24
14455,18860,192.5
14455,18861,33
14455,18862,861.5
14455,18863,768
14455,18864,283.5
14455,18865,372
14455,18866,443
14455,18867,405.5
14455,18868,443.5
14455,18869,448
14455,18870,558
14455,18871,527.5
14455,18872,543.5
14455,18873,302
14455,18876,94
14455,18877,80
14455,18878,34
14455,18879,83
14455,18880,71
14455,18881,4
14456,18826,937
14456,18827,1195.5
14456,18828,663
14456,18829,882.5
14456,18830,674
14456,18831,316
14456,18832,336
14456,18833,396
14456,18834,774
14456,18835,252
14456,18836,508.5
14456,18837,166
14456,18838,322
14456,18839,731
14456,18840,141
14456,18841,238.5
14456,18842,353.5
14456,18843,275.5
14456,18844,331
14456,18845,481.5
14456,18846,297.5
14456,18847,347.5
14456,18848,99
14456,18852,9
14456,18853,107.5
14456,18854,936
14456,18855,175
14456,18856,114
14456,18857,26
14456,18858,94.5
14456,18859,462.5
14456,18860,175
14456,18861,202
14456,18862,541.5
14456,18863,399
14456,18864,350.5
14456,18865,215
14456,18866,259
14456,18867,448.5
14456,18868,223
14456,18869,376
14456,18870,213
14456,18871,723
14456,18872,357
14456,18873,173
14456,18874,116.5
14456,18875,21
14456,18876,65
14456,18877,206
14456,18878,169.5
14456,18879,195.5
14456,18880,130
14456,18881,105.5
14457,18826,1657
14457,18827,1516.5
14457,18828,1156.5
14457,18829,904.5
14457,18830,1195.5
14457,18831,239.5
14457,18832,1761.5
14457,18833,689
14457,18834,1499.5
14457,18835,776.5
14457,18836,1007.5
14457,18837,617
14457,18838,697
14457,18839,765
14457,18841,22
14457,18842,172
14457,18843,508.5
14457,18844,729.5
14457,18845,26
14457,18852,710.5
14457,18853,1013.5
14457,18854,675.5
14457,18855,162.5
14457,18856,1
14457,18857,224.5
14457,18858,106
14457,18859,266
14457,18860,284
14457,18861,410.5
14457,18862,862
14457,18863,442.5
14457,18864,130.5
14457,18865,151.5
14457,18866,98
14457,18867,143
14457,18868,911.5
14457,18869,221
14457,18870,506
14457,18871,366.5
14457,18872,554.5
14457,18873,217
14457,18874,170.5
14457,18875,72
14457,18876,95
14457,18877,221.5
14457,18878,281
14457,18879,163.5
14457,18880,188.5
14457,18881,143
14457,18882,4
14458,18824,200
14458,18825,170.5
14458,18826,826
14458,18827,1136
14458,18828,798.5
14458,18829,754.5
14458,18830,927.5
14458,18831,1244
14458,18832,637.5
14458,18833,522
14458,18834,279.5
14458,18835,953
14458,18836,652.5
14458,18837,780
14458,18838,423.5
14458,18842,104.5
14458,18843,300
14458,18844,120
14458,18845,6
14458,18846,140
14458,18847,161
14458,18848,1
14458,18851,444
14458,18852,2
14458,18854,1
14458,18855,15
14458,18856,598.5
14458,18857,211.5
14458,18858,201
14458,18859,242.5
14458,18860,219
14458,18861,224.5
14458,18862,404.5
14458,18863,702.5
14458,18864,396
14458,18865,398
14458,18866,378.5
14458,18867,205
14458,18868,416.5
14458,18869,288
14458,18870,166
14458,18871,38
14458,18872,310.5
14458,18873,329.5
14458,18874,95
14458,18875,38
14458,18876,254
14458,18877,187
14458,18878,198
14458,18879,191
14458,18880,211
14458,18881,207
14458,18882,142.5
14458,18883,33
14458,18884,78
14458,18885,108
14458,18886,10
14458,18887,15
14459,18823,65.5
14459,18824,1070
14459,18825,1123.5
14459,18826,1064.5
14459,18827,2115.5
14459,18828,406
14459,18829,762
14459,18830,226
14459,18831,434.5
14459,18832,55
14459,18833,798
14459,18834,662
14459,18835,590.5
14459,18836,881
14459,18837,490
14459,18838,411
14459,18839,163.5
14459,18840,1
14459,18842,57
14459,18843,900.5
14459,18844,20
14459,18845,144
14459,18846,305.5
14459,18847,2295
14459,18848,1107.5
14459,18849,79
14459,18853,3
14459,18854,2
14459,18855,1265.5
14459,18856,197
14459,18857,406
14459,18858,273.5
14459,18859,209.5
14459,18860,191
14459,18861,263
14459,18862,402
14459,18863,727
14459,18864,434
14459,18865,264
14459,18866,165
14459,18867,185
14459,18868,91
14459,18870,1058.5
14459,18871,62
14459,18872,237.5
14459,18873,98
14459,18874,242
14459,18875,64
14459,18876,189
14459,18877,160.5
14459,18878,139
14459,18879,167
14459,18880,209.5
14459,18881,136
14459,18882,173
14459,18883,180.5
14459,18884,150.5
14459,18885,203.5
14459,18886,126
14459,18887,177.5
14459,18888,160
14459,18889,40
14460,18822,866
14460,18823,640
14460,18824,1036
14460,18825,592
14460,18826,560.5
14460,18827,12
14460,18828,294
14460,18829,348.5
14460,18830,348.5
14460,18831,158.5
14460,18832,1286
14460,18833,2225.5
14460,18834,206
14460,18835,193.5
14460,18836,213
14460,18837,170.5
14460,18838,200.5
14460,18839,226.5
14460,18840,173
14460,18841,132
14460,18842,292.5
14460,18843,852.5
14460,18844,350.5
14460,18845,775
14460,18846,433
14460,18847,55.5
14460,18848,14
14460,18849,77
14460,18851,60
14460,18852,66
14460,18853,82.5
14460,18854,211
14460,18855,18
14460,18856,227
14460,18857,644.5
14460,18858,361.5
14460,18859,230.5
14460,18860,298
14460,18861,244
14460,18862,196.5
14460,18863,294
14460,18864,621.5
14460,18865,250.5
14460,18866,202
14460,18867,163.5
14460,18868,15
14460,18869,125.5
14460,18870,54
14460,18871,105
14460,18872,219.5
14460,18873,213
14460,18874,227
14460,18875,854.5
14460,18876,196
14460,18877,190.5
14460,18878,184.5
14460,18879,177
14460,18880,239.5
14460,18881,173
14460,18882,200.5
14460,18883,211
14460,18884,193.5
14460,18885,86.5
14460,18886,205
14460,18887,186
14460,18888,114.5
14460,18889,116
14460,18890,36
14460,18891,24
14460,18892,68
14461,18822,619
14461,18823,675
14461,18824,1202.5
14461,18825,1101
14461,18826,750.5
14461,18827,353
14461,18828,86
14461,18829,24
14461,18830,47.5
14461,18831,3
14461,18832,10
14461,18836,58
14461,18837,29.5
14461,18838,25
14461,18839,101
14461,18840,257
14461,18841,897
14461,18842,457.5
14461,18843,843
14461,18844,308
14461,18845,1068.5
14461,18846,256.5
14461,18847,617
14461,18848,116.5
14461,18849,179
14461,18850,6
14461,18851,452
14461,18852,278.5
14461,18853,421
14461,18854,181
14461,18855,1113.5
14461,18856,231.5
14461,18857,175
14461,18858,183
14461,18859,332.5
14461,18860,386.5
14461,18861,229
14461,18862,192
14461,18863,327
14461,18864,591.5
14461,18865,187.5
14461,18866,142
14461,18867,372
14461,18868,296
14461,18869,93
14461,18870,127.5
14461,18871,216
14461,18872,223
14461,18873,357
14461,18874,145.5
14461,18875,353
14461,18876,231.5
14461,18877,225
14461,18878,171
14461,18879,223
14461,18880,226
14461,18881,218.5
14461,18882,192.5
14461,18883,140.5
14461,18884,32
14461,18885,26
14461,18886,109.5
14461,18887,138.5
14461,18888,98
14461,18889,93
14461,18890,88
14461,18891,118.5
14461,18892,112.5
14462,18822,270.5
14462,18823,807
14462,18824,1371
14462,18825,708.5
14462,18826,719.5
14462,18827,659
14462,18828,279.5
14462,18829,219
14462,18831,3
14462,18833,62
14462,18836,70
14462,18837,175.5
14462,18838,19
14462,18839,49
14462,18840,611.5
14462,18841,925
14462,18842,1503
14462,18843,1203.5
14462,18844,1124.5
14462,18845,372.5
14462,18846,314.5
14462,18847,587
14462,18848,435.5
14462,18849,106
14462,18850,148.5
14462,18851,457
14462,18852,488.5
14462,18853,231
14462,18854,68
14462,18855,226.5
14462,18856,540
14462,18857,649.5
14462,18858,416.5
14462,18859,418.5
14462,18860,267.5
14462,18861,213
14462,18862,336
14462,18863,194.5
14462,18864,572.5
14462,18865,223
14462,18866,125.5
14462,18867,267
14462,18868,202
14462,18869,361.5
14462,18870,305.5
14462,18871,258
14462,18872,235
14462,18873,274.5
14462,18874,201
14462,18875,486
14462,18876,418.5
14462,18877,225.5
14462,18878,232.5
14462,18879,240.5
14462,18880,136
14462,18881,83
14462,18882,178
14462,18883,41
14462,18884,65
14462,18885,701
14462,18886,43
14462,18887,120
14462,18888,148.5
14462,18889,160
14462,18890,127
14462,18891,93
14462,18892,206.5
14463,18822,795.5
14463,18823,1151
14463,18824,691.5
14463,18825,847.5
14463,18826,947
14463,18827,736
14463,18828,709
14463,18829,1160
14463,18830,325.5
14463,18831,91
14463,18832,118
14463,18833,381.5
14463,18834,8
14463,18835,725.5
14463,18836,537
14463,18837,918.5
14463,18838,541
14463,18839,76
14463,18840,170
14463,18841,634
14463,18842,886.5
14463,18843,1771
14463,18844,517
14463,18845,561
14463,18846,305
14463,18847,474.5
14463,18848,223
14463,18849,15
14463,18850,371.5
14463,18851,187.5
14463,18852,273.5
14463,18853,428.5
14463,18854,621.5
14463,18855,760
14463,18856,637.5
14463,18857,329
14463,18858,379.5
14463,18859,180.5
14463,18860,366
14463,18861,413.5
14463,18862,202
14463,18863,213
14463,18864,179
14463,18865,473.5
14463,18866,359.5
14463,18867,263
14463,18868,281
14463,18869,202.5
14463,18870,258
14463,18871,356.5
14463,18872,306
14463,18873,246
14463,18874,247
14463,18875,271
14463,18876,129
14463,18877,132.5
14463,18878,203
14463,18879,180.5
14463,18880,247.5
14463,18881,435.5
14463,18882,307.5
14463,18883,185.5
14463,18884,445.5
14463,18885,198.5
14463,18886,251.5
14463,18887,175
14463,18888,104
14463,18889,183
14463,18890,88.5
14463,18891,153.5
14464,18822,956.5
14464,18823,1034
14464,18824,2464
14464,18825,381.5
14464,18826,591.5
14464,18827,1134
14464,18828,869
14464,18829,788
14464,18830,602
14464,18831,626.5
14464,18832,895.5
14464,18833,299.5
14464,18835,240.5
14464,18836,1146.5
14464,18837,84
14464,18840,14
14464,18841,147.5
14464,18842,187.5
14464,18843,1202
14464,18844,694
14464,18845,480.5
14464,18846,786
14464,18847,543
14464,18848,36.5
14464,18849,62.5
14464,18850,653
14464,18851,770.5
14464,18852,729.5
14464,18853,380
14464,18854,362
14464,18855,1330
14464,18856,251.5
14464,18857,456.5
14464,18858,316.5
14464,18859,107
14464,18860,98.5
14464,18861,195
14464,18862,414
14464,18863,137
14464,18864,120
14464,18865,208
14464,18866,449
14464,18867,210
14464,18868,129
14464,18869,184.5
14464,18870,155
14464,18871,245
14464,18872,245
14464,18873,227
14464,18874,179
14464,18875,280
14464,18876,233.5
14464,18877,178
14464,18878,218.5
14464,18879,134
14464,18880,393
14464,18881,513
14464,18882,177
14464,18883,632.5
14464,18884,423.5
14464,18885,668
14464,18886,441
14464,18887,195
14464,18888,197.5
14464,18889,97
14464,18890,77
14464,18891,175
14465,18822,6
14465,18823,1739.5
14465,18824,869.5
14465,18825,1563
14465,18826,1108
14465,18827,1191.5
14465,18828,207
14465,18829,1001
14465,18830,716.5
14465,18831,1151
14465,18832,1487
14465,18833,93
14465,18836,36
14465,18843,4
14465,18844,419
14465,18845,194
14465,18846,478.5
14465,18847,203
14465,18848,203
14465,18849,277.5
14465,18850,174
14465,18851,550.5
14465,18852,741
14465,18853,904.5
14465,18854,620
14465,18855,222
14465,18856,526
14465,18857,308
14465,18858,328.5
14465,18859,278.5
14465,18860,393.5
14465,18861,228
14465,18862,223.5
14465,18863,190.5
14465,18864,50
14465,18865,438
14465,18866,279
14465,18867,134
14465,18868,194
14465,18869,511
14465,18870,190
14465,18871,361.5
14465,18872,117
14465,18873,3
14465,18874,113
14465,18875,241
14465,18876,171
14465,18877,2236
14465,18878,125
14465,18879,128.5
14465,18880,172
14465,18881,1328.5
14465,18882,571
14465,18883,117.5
14465,18884,253.5
14465,18885,212
14465,18886,17
14465,18887,177.5
14465,18888,207
14465,18889,181.5
14465,18890,170
14465,18891,146.5
14465,18892,194
14465,18893,230.5
14466,18822,325.5
14466,18823,249.5
14466,18824,1254
14466,18825,1775.5
14466,18826,90.5
14466,18827,844.5
14466,18829,125.5
14466,18830,811
14466,18831,88
14466,18832,49
14466,18833,40
14466,18834,37
14466,18839,32
14466,18846,307.5
14466,18847,979
14466,18848,354
14466,18849,316
14466,18850,322
14466,18851,454
14466,18852,846.5
14466,18853,464
14466,18854,1151.5
14466,18855,1083
14466,18856,754
14466,18857,166
14466,18858,300.5
14466,18859,298
14466,18860,260
14466,18861,174.5
14466,18862,235
14466,18863,247
14466,18864,357
14466,18865,110
14466,18866,128.5
14466,18867,250.5
14466,18868,325
14466,18869,216.5
14466,18870,460.5
14466,18871,132
14466,18874,23
14466,18875,188
14466,18876,488
14466,18877,455.5
14466,18878,1199
14466,18880,1037.5
14466,18881,191
14466,18882,84
14466,18884,166
14466,18885,194.5
14466,18887,34
14466,18888,133
14466,18889,221
14466,18890,184
14466,18891,202.5
14466,18892,194.5
14466,18893,187
14466,18894,183.5
14467,18823,692.5
14467,18824,56
14467,18825,467.5
14467,18826,693.5
14467,18827,14
14467,18837,216
14467,18838,79
14467,18839,76
14467,18846,2
14467,18847,435.5
14467,18848,139
14467,18849,186
14467,18850,336.5
14467,18851,282.5
14467,18852,574.5
14467,18853,324.5
14467,18854,562
14467,18855,8
14467,18856,304
14467,18857,470.5
14467,18858,232.5
14467,18859,289
14467,18860,420
14467,18861,290
14467,18862,407
14467,18863,335
14467,18864,283.5
14467,18865,305.5
14467,18866,303.5
14467,18867,288
14467,18868,331
14467,18869,291
14467,18870,215
14467,18871,103
14467,18876,1501
14467,18877,35.5
14467,18879,173.5
14467,18880,824.5
14467,18881,907.5
14467,18886,354
14467,18887,163.5
14467,18889,184
14467,18890,201
14467,18891,165
14467,18892,191
14467,18893,185
14468,18822,45.5
14468,18823,616.5
14468,18824,9
14468,18837,281.5
14468,18838,291
14468,18839,458.5
14468,18841,8
14468,18843,30
14468,18845,4
14468,18846,990
14468,18847,65
14468,18848,90
14468,18849,536.5
14468,18850,659.5
14468,18851,287
14468,18852,1582
14468,18853,803
14468,18854,1312.5
14468,18855,760
14468,18856,64
14468,18857,170
14468,18858,330
14468,18859,344
14468,18860,373.5
14468,18861,487
14468,18862,295
14468,18863,267
14468,18864,261
14468,18865,339
14468,18866,315.5
14468,18867,309.5
14468,18868,496
14468,18869,85.5
14468,18870,202
14468,18871,238
14468,18872,13
14468,18873,521
14468,18875,2875
14468,18876,298
14468,18878,1243
14468,18879,249.5
14468,18880,476.5
14468,18889,158.5
14468,18890,160
14468,18891,230
14468,18892,211
14468,18893,208.5
14469,18820,4
14469,18821,843.5
14469,18822,81
14469,18826,69.5
14469,18827,44
14469,18828,146
14469,18834,5
14469,18835,73
14469,18836,62.5
14469,18837,143
14469,18838,385.5
14469,18839,12
14469,18840,1183
14469,18851,302.5
14469,18852,615.5
14469,18853,202
14469,18854,764.5
14469,18855,449
14469,18856,26
14469,18857,263
14469,18858,343
14469,18859,368
14469,18860,368.5
14469,18861,340
14469,18862,275.5
14469,18863,341.5
14469,18864,297.5
14469,18865,218
14469,18866,804
14469,18867,411
14469,18868,310.5
14469,18869,260
14469,18870,430
14469,18871,507.5
14469,18872,236
14469,18873,282.5
14469,18874,155.5
14469,18875,520.5
14469,18876,439.5
14469,18877,329.5
14469,18878,166
14469,18879,340
14469,18880,144.5
14469,18888,12
14469,18889,160.5
14469,18890,176
14469,18891,70.5
14469,18892,108.5
14469,18893,122.5
14470,18819,380
14470,18820,647.5
14470,18821,1577.5
14470,18822,457
14470,18823,102
14470,18824,445
14470,18825,36
14470,18826,3
14470,18828,13
14470,18829,35
14470,18830,25
14470,18831,5
14470,18832,3
14470,18835,1
14470,18836,1
14470,18837,5
14470,18838,862.5
14470,18839,582
14470,18840,1503.5
14470,18841,2257.5
14470,18843,1363.5
14470,18844,354
14470,18847,123
14470,18848,473.5
14470,18849,279
14470,18850,61.5
14470,18854,53
14470,18855,123
14470,18856,26
14470,18857,886.5
14470,18858,235.5
14470,18859,788.5
14470,18860,482.5
14470,18861,516.5
14470,18862,387.5
14470,18863,592.5
14470,18864,260
14470,18865,424
14470,18866,540.5
14470,18867,884.5
14470,18868,263
14470,18869,220.5
14470,18870,279.5
14470,18871,215.5
14470,18872,354
14470,18873,238
14470,18874,1337.5
14470,18875,237.5
14470,18877,4
14470,18878,543.5
14470,18879,854.5
14470,18880,319
14470,18885,5
14470,18888,30
14470,18889,148
14470,18890,36
14470,18891,212
14470,18892,74.5
14470,18893,94
14471,18810,374
14471,18817,54.5
14471,18818,2819.5
14471,18819,908.5
14471,18820,2230.5
14471,18821,1301
14471,18822,580.5
14471,18823,239
14471,18824,57
14471,18825,91.5
14471,18833,3
14471,18836,501.5
14471,18837,1154.5
14471,18838,358
14471,18839,968.5
14471,18840,1140
14471,18841,568
14471,18842,812
14471,18843,495.5
14471,18844,26
14471,18845,587
14471,18846,89
14471,18847,600
14471,18848,422
14471,18849,578
14471,18850,293
14471,18851,3
14471,18852,208.5
14471,18853,320.5
14471,18854,383
14471,18855,580
14471,18856,33
14471,18857,122
14471,18858,76
14471,18859,648.5
14471,18860,514
14471,18861,262
14471,18862,604.5
14471,18863,352.5
14471,18864,602
14471,18865,402
14471,18866,384
14471,18867,560
14471,18868,459
14471,18869,485
14471,18870,247
14471,18871,229
14471,18872,272
14471,18873,344
14471,18874,305
14471,18875,345.5
14471,18876,218
14471,18877,62
14471,18878,233
14471,18879,160
14471,18880,390.5
14471,18884,249.5
14471,18885,104
14471,18886,76.5
14471,18887,84
14471,18888,66
14471,18889,199
14471,18890,30.5
14471,18891,90
14471,18892,38
14471,18893,3
14472,18794,282
14472,18795,355.5
14472,18796,6
14472,18797,488
14472,18798,23
14472,18799,93
14472,18800,772.5
14472,18801,19
14472,18802,308.5
14472,18803,94
14472,18804,220.5
14472,18805,619.5
14472,18806,151
14472,18808,30
14472,18809,152
14472,18813,57
14472,18815,657
14472,18817,182.5
14472,18818,2396
14472,18819,1076
14472,18820,984
14472,18821,857.5
14472,18822,857
14472,18823,197
14472,18834,10.5
14472,18835,7
14472,18836,391
14472,18837,234.5
14472,18838,1102.5
14472,18839,826.5
14472,18840,2718.5
14472,18841,790.5
14472,18842,619
14472,18843,184
14472,18844,1258.5
14472,18845,193
14472,18846,253
14472,18847,306
14472,18848,894.5
14472,18849,186
14472,18850,1102
14472,18851,61
14472,18852,555.5
14472,18853,1167.5
14472,18854,45
14472,18855,493
14472,18856,315.5
14472,18857,168.5
14472,18858,2
14472,18859,18
14472,18860,435.5
14472,18861,322
14472,18862,374
14472,18863,331
14472,18864,352
14472,18865,261
14472,18866,224.5
14472,18867,422
14472,18868,311
14472,18869,382.5
14472,18870,553
14472,18871,295
14472,18872,203.5
14472,18873,257
14472,18874,336.5
14472,18875,50
14472,18876,171
14472,18877,121
14472,18878,207
14472,18879,99.5
14472,18880,9
14472,18884,133
14472,18885,172.5
14472,18886,334.5
14472,18887,126
14472,18888,124
14472,18889,50
14472,18891,3
14473,18794,874.5
14473,18795,108.5
14473,18796,344.5
14473,18797,966.5
14473,18798,1119
14473,18799,344
14473,18800,1341.5
14473,18801,210
14473,18802,221
14473,18803,317
14473,18804,666
14473,18805,714
14473,18806,133
14473,18808,200.5
14473,18809,52
14473,18814,6
14473,18815,297
14473,18816,11
14473,18817,1531.5
14473,18818,85
14473,18819,722
14473,18820,436.5
14473,18821,656.5
14473,18822,2152.5
14473,18832,8
14473,18833,2
14473,18834,71.5
14473,18835,152
14473,18836,602
14473,18837,872
14473,18838,1293.5
14473,18839,437
14473,18840,80
14473,18841,87
14473,18842,86
14473,18843,371.5
14473,18844,1068
14473,18845,411.5
14473,18846,283.5
14473,18847,433
14473,18848,750
14473,18849,286.5
14473,18850,386.5
14473,18851,299
14473,18852,860.5
14473,18853,324.5
14473,18854,631
14473,18855,80
14473,18856,663
14473,18857,188.5
14473,18858,18
14473,18860,404
14473,18861,134.5
14473,18862,465
14473,18863,340
14473,18864,341
14473,18865,280.5
14473,18866,197
14473,18867,280.5
14473,18868,275.5
14473,18869,431.5
14473,18870,231.5
14473,18871,251
14473,18872,211
14473,18873,224.5
14473,18874,231.5
14473,18875,90
14473,18877,33
14473,18878,288
14473,18879,39
14473,18883,2
14473,18884,52
14473,18885,149
14473,18886,65
14473,18887,111
14473,18888,7.5
14474,18794,1100.5
14474,18795,704.5
14474,18796,1384.5
14474,18797,887.5
14474,18798,972.5
14474,18799,1258
14474,18800,850
14474,18801,462.5
14474,18802,313.5
14474,18803,343.5
14474,18804,284.5
14474,18805,149
14474,18808,176.5
14474,18809,550.5
14474,18810,579
14474,18811,594
14474,18812,306.5
14474,18813,23
14474,18814,40
14474,18815,210.5
14474,18816,1
14474,18817,243
14474,18818,365
14474,18819,1669.5
14474,18820,1607
14474,18821,640.5
14474,18822,525
14474,18823,1155.5
14474,18824,56
14474,18828,543.5
14474,18829,2
14474,18830,753.5
14474,18833,832.5
14474,18834,488
14474,18835,3
14474,18836,346.5
14474,18837,825.5
14474,18838,703.5
14474,18839,297
14474,18840,234
14474,18841,305.5
14474,18842,313.5
14474,18843,283
14474,18844,349
14474,18845,306
14474,18846,259
14474,18847,764
14474,18848,695
14474,18849,434
14474,18850,336
14474,18851,331
14474,18852,74
14474,18853,1318
14474,18854,564
14474,18855,152.5
14474,18858,232
14474,18859,133
14474,18861,3
14474,18862,374.5
14474,18863,433.5
14474,18864,290
14474,18865,200
14474,18866,300.5
14474,18867,238
14474,18868,227.5
14474,18869,192.5
14474,18870,221
14474,18871,198.5
14474,18872,28
14474,18873,201.5
14474,18874,289
14474,18875,1276.5
14474,18876,2
14474,18877,10
14474,18884,68
14474,18885,49
14475,18794,319.5
14475,18795,523.5
14475,18796,524
14475,18797,516
14475,18798,299
14475,18799,649
14475,18800,725.5
14475,18801,422
14475,18802,159
14475,18803,971.5
14475,18804,327.5
14475,18808,337
14475,18809,1323.5
14475,18810,642.5
14475,18811,788.5
14475,18813,6
14475,18814,33
14475,18815,222.5
14475,18816,302
14475,18817,1170
14475,18818,405
14475,18819,339
14475,18820,880.5
14475,18821,206
14475,18822,1089
14475,18823,707.5
14475,18824,578
14475,18828,620
14475,18829,268
14475,18830,436.5
14475,18831,944
14475,18832,3
14475,18833,11
14475,18834,290.5
14475,18835,8
14475,18836,7
14475,18837,749.5
14475,18838,253.5
14475,18839,352.5
14475,18840,314
14475,18841,293
14475,18842,262
14475,18843,289
14475,18844,323
14475,18845,332
14475,18846,330
14475,18847,366
14475,18848,546.5
14475,18849,336.5
14475,18850,286
14475,18851,674.5
14475,18852,302.5
14475,18853,1930
14475,18854,953.5
14475,18855,376.5
14475,18856,73
14475,18857,12
14475,18858,105.5
14475,18859,227
14475,18860,96
14475,18862,161
14475,18863,107.5
14475,18864,75
14475,18865,231
14475,18866,141.5
14475,18867,174.5
14475,18868,222.5
14475,18869,177
14475,18870,318.5
14475,18871,19
14475,18872,200.5
14475,18873,159
14475,18874,80.5
14475,18875,1061.5
14475,18877,105
14475,18878,60.5
14475,18879,2
14476,18795,7.5
14476,18796,926
14476,18797,275
14476,18798,175.5
14476,18799,439.5
14476,18800,726
14476,18801,381
14476,18802,731
14476,18803,1238.5
14476,18805,6
14476,18808,74
14476,18809,447.5
14476,18810,452.5
14476,18814,43
14476,18815,755
14476,18816,587.5
14476,18817,1436.5
14476,18818,258.5
14476,18819,1193.5
14476,18820,307
14476,18821,786
14476,18822,687
14476,18823,472
14476,18824,958.5
14476,18825,412.5
14476,18828,1361
14476,18829,684
14476,18830,10
14476,18831,3
14476,18833,20
14476,18834,951
14476,18835,1
14476,18836,360
14476,18837,93
14476,18838,359
14476,18839,494
14476,18840,323
14476,18841,355
14476,18842,280
14476,18843,482.5
14476,18844,319
14476,18845,693
14476,18846,488.5
14476,18847,382.5
14476,18848,649
14476,18849,215.5
14476,18850,229.5
14476,18851,374
14476,18852,247
14476,18853,192
14476,18854,313.5
14476,18855,191.5
14476,18856,61
14476,18857,179.5
14476,18858,223
14476,18859,253.5
14476,18860,229.5
14476,18861,167
14476,18862,232
14476,18863,181.5
14476,18864,181.5
14476,18865,220.5
14476,18866,217
14476,18867,249
14476,18868,268
14476,18869,204.5
14476,18870,331.5
14476,18871,122
14476,18872,589
14476,18873,187.5
14476,18874,157
14476,18875,565
14476,18876,668.5
14476,18877,1667
14476,18878,255
14476,18879,243.5
14476,18880,4
14477,18794,4
14477,18797,54
14477,18798,648
14477,18799,1103.5
14477,18800,1035
14477,18801,629
14477,18802,755
14477,18803,347
14477,18804,168
14477,18808,737
14477,18809,1476
14477,18810,155
14477,18811,1
14477,18812,198
14477,18815,491
14477,18816,409
14477,18817,918.5
14477,18818,554
14477,18819,1640
14477,18820,860.5
14477,18821,831.5
14477,18822,781
14477,18823,1290
14477,18824,1642.5
14477,18825,529
14477,18826,880
14477,18827,353
14477,18828,1362.5
14477,18829,972.5
14477,18830,220
14477,18831,7
14477,18832,13
14477,18835,76
14477,18836,84
14477,18837,1773
14477,18838,340.5
14477,18839,310.5
14477,18840,328.5
14477,18841,497.5
14477,18842,359
14477,18843,356.5
14477,18844,440.5
14477,18845,623.5
14477,18846,67
14477,18847,1185.5
14477,18848,234
14477,18849,911.5
14477,18850,308
14477,18851,370.5
14477,18852,805.5
14477,18853,66
14477,18854,224
14477,18855,222
14477,18856,257
14477,18857,190
14477,18858,256
14477,18859,298
14477,18860,214
14477,18861,204
14477,18862,203.5
14477,18863,266
14477,18864,176.5
14477,18865,156.5
14477,18866,280.5
14477,18867,194
14477,18868,215.5
14477,18869,235
14477,18870,299
14477,18871,233
14477,18872,252.5
14477,18873,535
14477,18874,304
14477,18875,475
14477,18876,501.5
14477,18877,655
14477,18878,373
14477,18879,319.5
14477,18880,9
14477,18887,9
14478,18798,92.5
14478,18799,287.5
14478,18800,88.5
14478,18801,1270.5
14478,18802,783.5
14478,18803,171.5
14478,18808,271.5
14478,18809,733
14478,18810,537
14478,18811,377
14478,18812,1389
14478,18814,18
14478,18815,455.5
14478,18816,963.5
14478,18817,504
14478,18818,678
14478,18819,1744
14478,18820,215.5
14478,18821,94
14478,18822,329
14478,18823,706.5
14478,18824,618
14478,18825,737
14478,18826,555
14478,18827,29
14478,18828,441.5
14478,18829,602
14478,18832,289
14478,18835,78
14478,18836,246
14478,18837,400
14478,18838,346
14478,18839,263
14478,18840,223
14478,18841,494.5
14478,18842,384
14478,18843,324.5
14478,18844,663.5
14478,18846,1241
14478,18847,210
14478,18848,292.5
14478,18849,266
14478,18850,299.5
14478,18851,315
14478,18852,821
14478,18853,626
14478,18854,189
14478,18855,217
14478,18856,271
14478,18857,177.5
14478,18858,207
14478,18859,184
14478,18860,278
14478,18861,207
14478,18862,171.5
14478,18863,214.5
14478,18864,249
14478,18865,228.5
14478,18866,183
14478,18867,240.5
14478,18868,689.5
14478,18869,328.5
14478,18870,208.5
14478,18871,211.5
14478,18872,226
14478,18873,266
14478,18874,211.5
14478,18875,495.5
14478,18876,315
14478,18877,178
14478,18878,367
14478,18879,5
14478,18886,445.5
14479,18793,5
14479,18796,271.5
14479,18797,171.5
14479,18798,1150.5
14479,18799,149
14479,18800,941.5
14479,18801,335.5
14479,18802,33
14479,18803,455
14479,18804,885.5
14479,18805,97
14479,18806,29
14479,18807,807
14479,18808,1053.5
14479,18809,480.5
14479,18811,499
14479,18812,209.5
14479,18813,962
14479,18814,77
14479,18815,473.5
14479,18816,638
14479,18817,454
14479,18818,913.5
14479,18819,590.5
14479,18820,365.5
14479,18821,2604
14479,18822,332.5
14479,18823,528.5
14479,18824,447.5
14479,18825,266
14479,18826,552
14479,18827,743
14479,18828,678
14479,18829,860.5
14479,18830,868.5
14479,18831,1116
14479,18835,92
14479,18836,292
14479,18837,664
14479,18838,395.5
14479,18839,316
14479,18840,583.5
14479,18841,793.5
14479,18842,780
14479,18843,519
14479,18844,725
14479,18845,1002.5
14479,18846,942
14479,18847,171
14479,18848,243
14479,18849,1055
14479,18850,276
14479,18851,227.5
14479,18852,192.5
14479,18853,326.5
14479,18854,149
14479,18855,240
14479,18856,226
14479,18857,126
14479,18858,262
14479,18859,205
14479,18860,224.5
14479,18861,201.5
14479,18862,307.5
14479,18863,291
14479,18864,200
14479,18865,309
14479,18866,152
14479,18867,219
14479,18868,93
14479,18869,435
14479,18870,250
14479,18871,231
14479,18872,223
14479,18873,256.5
14479,18874,343
14479,18875,445
14479,18876,166
14479,18877,636
14479,18878,344.5
14479,18879,21
14479,18886,258.5
14479,18887,67
14479,18888,12
14480,18796,448
14480,18797,1412.5
14480,18798,389.5
14480,18799,584
14480,18800,743.5
14480,18801,1048.5
14480,18802,143
14480,18803,194.5
14480,18804,35
14480,18805,2
14480,18807,896.5
14480,18808,633
14480,18809,786
14480,18811,1027.5
14480,18812,468.5
14480,18813,789
14480,18814,774
14480,18815,197
14480,18816,280.5
14480,18817,780
14480,18818,1035
14480,18819,1052.5
14480,18820,1011.5
14480,18821,908
14480,18822,500.5
14480,18823,356
14480,18824,271
14480,18825,922.5
14480,18826,1169
14480,18827,451
14480,18828,522.5
14480,18829,579.5
14480,18830,811
14480,18831,508.5
14480,18832,1294.5
14480,18833,12
14480,18835,540.5
14480,18836,316.5
14480,18837,373
14480,18838,431
14480,18839,226
14480,18840,1144
14480,18841,158.5
14480,18842,1164.5
14480,18843,622
14480,18844,361.5
14480,18845,341.5
14480,18846,323
14480,18847,554
14480,18848,142.5
14480,18849,117
14480,18850,221
14480,18851,1360
14480,18852,184.5
14480,18853,283.5
14480,18854,186.5
14480,18855,384.5
14480,18856,248.5
14480,18857,272.5
14480,18858,275
14480,18859,277
14480,18860,150.5
14480,18861,190.5
14480,18862,295
14480,18863,161
14480,18864,294.5
14480,18865,642
14480,18866,223
14480,18867,119
14480,18868,241.5
14480,18869,411
14480,18870,198
14480,18871,245.5
14480,18872,232
14480,18873,238.5
14480,18874,232
14480,18875,213.5
14480,18876,378
14480,18877,256.5
14480,18878,294
14480,18879,96
14480,18880,402
14480,18881,70
14480,18882,6
14480,18886,191.5
14480,18887,22
14480,18888,67.5
14480,18889,88
14480,18890,20
14481,18799,1979
14481,18800,289.5
14481,18801,1036.5
14481,18802,450.5
14481,18803,108
14481,18804,31
14481,18812,3
14481,18813,9
14481,18814,199
14481,18815,258
14481,18816,183
14481,18817,1081.5
14481,18818,895.5
14481,18819,553.5
14481,18820,13
14481,18821,238.5
14481,18822,768
14481,18823,1453.5
14481,18824,430.5
14481,18825,714
14481,18826,361.5
14481,18827,274.5
14481,18828,540
14481,18829,564
14481,18830,491
14481,18831,454.5
14481,18832,475
14481,18833,120.5
14481,18835,273
14481,18836,388.5
14481,18837,307
14481,18838,746
14481,18839,480.5
14481,18840,1267
14481,18841,88
14481,18842,216
14481,18843,23
14481,18844,410
14481,18845,366.5
14481,18846,127
14481,18847,359
14481,18848,433.5
14481,18849,213.5
14481,18850,196
14481,18851,256
14481,18852,1881.5
14481,18853,218
14481,18854,215
14481,18855,267
14481,18856,263.5
14481,18857,228
14481,18858,713.5
14481,18859,280.5
14481,18860,370.5
14481,18861,285
14481,18862,167
14481,18863,189
14481,18864,284
14481,18865,488.5
14481,18866,20
14481,18867,1483.5
14481,18868,115
14481,18869,252.5
14481,18870,74.5
14481,18871,162
14481,18872,253.5
14481,18873,211
14481,18874,240.5
14481,18875,250.5
14481,18876,425.5
14481,18877,222
14481,18878,439
14481,18879,279
14481,18880,345
14481,18881,225
14481,18882,150
14481,18883,5
14481,18886,45
14481,18887,16
14481,18888,217.5
14481,18889,214
14481,18890,116.5
14481,18891,13
14481,18899,21
14482,18799,584.5
14482,18800,626.5
14482,18801,49
14482,18802,183
14482,18803,1166
14482,18804,566
14482,18811,6
14482,18813,116
14482,18814,102
14482,18815,6
14482,18817,125
14482,18818,778
14482,18819,865.5
14482,18820,744.5
14482,18821,35
14482,18823,82
14482,18824,19
14482,18825,671
14482,18826,734.5
14482,18827,611
14482,18828,546.5
14482,18829,565
14482,18830,472.5
14482,18831,479
14482,18832,535
14482,18833,252
14482,18834,47.5
14482,18835,395.5
14482,18836,485.5
14482,18837,557
14482,18838,444.5
14482,18839,372
14482,18840,33
14482,18841,229
14482,18842,353.5
14482,18843,331.5
14482,18844,394
14482,18845,265.5
14482,18846,165
14482,18847,298.5
14482,18848,248
14482,18849,233.5
14482,18850,250
14482,18851,233
14482,18852,58
14482,18853,316
14482,18854,196
14482,18855,119
14482,18856,222
14482,18857,227
14482,18858,358.5
14482,18859,499.5
14482,18860,173.5
14482,18861,567
14482,18862,148
14482,18863,182
14482,18864,182.5
14482,18866,16
14482,18867,116
14482,18868,192
14482,18869,147
14482,18870,14
14482,18872,38
14482,18873,248.5
14482,18874,251
14482,18875,218
14482,18876,274
14482,18877,226
14482,18878,133
14482,18879,170
14482,18880,91
14482,18881,101.5
14482,18882,118
14482,18883,108
14482,18884,243.5
14482,18885,178
14482,18886,357
14482,18887,223.5
14482,18888,315
14482,18889,204.5
14482,18890,401.5
14482,18891,16
14482,18892,84.5
14482,18893,158.5
14482,18899,29
14483,18798,1481
14483,18799,154
14483,18800,3
14483,18801,17
14483,18803,140.5
14483,18804,92
14483,18805,44
14483,18813,456
14483,18814,429
14483,18815,6
14483,18816,4
14483,18818,963.5
14483,18819,189
14483,18820,34
14483,18821,5
14483,18824,3
14483,18825,144.5
14483,18826,248.5
14483,18827,78
14483,18828,82
14483,18830,29
14483,18831,61
14483,18832,149
14483,18833,26
14483,18834,227.5
14483,18835,365
14483,18836,418.5
14483,18837,322
14483,18838,271
14483,18839,576
14483,18840,396
14483,18841,352.5
14483,18842,290
14483,18843,323.5
14483,18844,386.5
14483,18845,327
14483,18846,341.5
14483,18847,240
14483,18848,117
14483,18849,211
14483,18850,180
14483,18851,60
14483,18852,15
14483,18853,219
14483,18854,167
14483,18855,54
14483,18856,471.5
14483,18857,282
14483,18858,160.5
14483,18859,338.5
14483,18860,56
14483,18861,181
14483,18862,114
14483,18863,89
14483,18864,122.5
14483,18865,65
14483,18866,152.5
14483,18867,67
14483,18868,106
14483,18869,172
14483,18870,207
14483,18871,247.5
14483,18872,152
14483,18873,203
14483,18874,249
14483,18875,324
14483,18876,196
14483,18877,48.5
14483,18882,11.5
14483,18883,61
14483,18884,2
14483,18886,61.5
14483,18887,160
14483,18888,523
14483,18889,235
14483,18890,315
14483,18891,273.5
14483,18892,225.5
14483,18893,204
14483,18894,188.5
14483,18895,149.5
14483,18896,196
14483,18897,74
14483,18898,187
14483,18899,128.5
14484,18798,48
14484,18799,144
14484,18803,746.5
14484,18804,118.5
14484,18805,3
14484,18811,634
14484,18812,405
14484,18813,2405
14484,18814,485.5
14484,18815,1590.5
14484,18816,12
14484,18817,1207.5
14484,18818,750
14484,18819,502.5
14484,18820,95
14484,18821,841.5
14484,18822,680.5
14484,18823,505.5
14484,18826,1
14484,18829,1
14484,18832,3
14484,18833,156
14484,18834,2261
14484,18835,103
14484,18836,291
14484,18837,356
14484,18838,214.5
14484,18839,122
14484,18840,1330
14484,18841,222
14484,18842,21
14484,18843,127.5
14484,18844,233
14484,18845,321
14484,18846,252
14484,18853,7
14484,18854,90.5
14484,18855,146
14484,18856,162.5
14484,18857,232.5
14484,18858,218
14484,18859,628.5
14484,18860,503.5
14484,18861,207
14484,18862,165
14484,18863,240.5
14484,18864,131.5
14484,18865,476
14484,18866,819
14484,18867,1024.5
14484,18868,1135
14484,18869,1018
14484,18870,232
14484,18871,228
14484,18872,241
14484,18873,199.5
14484,18874,64
14484,18875,42
14484,18876,62
14484,18887,154
14484,18888,140.5
14484,18889,195.5
14484,18890,214.5
14484,18891,186.5
14484,18892,238.5
14484,18893,250
14484,18894,212
14484,18895,250.5
14484,18896,209
14484,18897,188
14485,18799,44
14485,18800,318
14485,18803,168.5
14485,18804,19
14485,18805,431.5
14485,18809,277.5
14485,18812,241
14485,18813,652
14485,18814,1481.5
14485,18815,93
14485,18816,717.5
14485,18817,876
14485,18818,518
14485,18819,860
14485,18820,395.5
14485,18821,1000.5
14485,18822,1727
14485,18823,1057
14485,18824,9
14485,18825,41
14485,18831,60
14485,18832,113
14485,18833,54
14485,18834,210
14485,18835,70
14485,18836,310
14485,18837,85
14485,18843,6
14485,18844,65
14485,18845,69
14485,18846,121
14485,18847,135
14485,18848,195
14485,18849,230
14485,18850,284
14485,18851,290
14485,18852,557
14485,18853,221.5
14485,18854,244
14485,18855,208
14485,18856,265.5
14485,18857,271.5
14485,18858,334.5
14485,18859,507
14485,18860,411.5
14485,18861,368
14485,18862,202.5
14485,18863,96
14485,18864,10
14485,18866,600
14485,18867,409
14485,18868,305
14485,18869,187
14485,18870,198
14485,18871,75
14485,18872,529.5
14485,18873,452
14485,18874,531
14485,18875,510
14485,18876,9
14485,18887,145.5
14485,18888,663
14485,18889,177
14485,18890,220
14485,18891,150
14485,18892,161.5
14485,18893,214.5
14485,18894,256
14485,18895,260.5
14485,18896,239.5
14485,18897,220.5
14486,18799,10
14486,18803,235
14486,18804,376
14486,18805,67.5
14486,18808,22
14486,18809,2
14486,18810,71
14486,18811,856
14486,18812,436.5
14486,18813,532
14486,18814,13
14486,18816,503
14486,18817,1744.5
14486,18818,570.5
14486,18819,112.5
14486,18820,44
14486,18821,34
14486,18822,284
14486,18823,849
14486,18824,112
14486,18825,23
14486,18827,5
14486,18830,28
14486,18831,174.5
14486,18832,131
14486,18833,864
14486,18834,866
14486,18835,1135
14486,18836,320.5
14486,18837,17
14486,18838,25
14486,18842,99
14486,18843,303.5
14486,18844,243.5
14486,18845,450.5
14486,18846,694
14486,18847,337
14486,18848,245
14486,18849,304.5
14486,18850,268
14486,18851,417.5
14486,18852,448
14486,18853,250
14486,18854,322
14486,18855,196
14486,18856,261
14486,18857,273
14486,18858,225
14486,18859,341.5
14486,18860,401.5
14486,18861,200
14486,18862,255.5
14486,18863,83
14486,18864,20
14486,18865,5
14486,18866,245
14486,18867,202.5
14486,18868,272
14486,18869,286.5
14486,18870,336
14486,18871,1517.5
14486,18872,194
14486,18873,508
14486,18874,356
14486,18875,3
14486,18876,103
14486,18886,19
14486,18887,229.5
14486,18888,671
14486,18889,297
14486,18890,217.5
14486,18891,191
14486,18892,174
14486,18893,152.5
14486,18894,258
14486,18895,236
14486,18896,278
14486,18897,186
14487,18801,5
14487,18807,41
14487,18808,264
14487,18809,12
14487,18810,143.5
14487,18811,238
14487,18812,1067
14487,18813,9
14487,18816,1
14487,18817,372.5
14487,18818,1903.5
14487,18819,1310.5
14487,18820,526.5
14487,18821,254
14487,18822,990
14487,18823,1179.5
14487,18824,1114.5
14487,18825,295
14487,18826,125
14487,18827,11
14487,18828,11
14487,18829,4
14487,18830,178
14487,18831,268
14487,18832,185
14487,18833,477.5
14487,18834,517
14487,18835,577.5
14487,18836,443
14487,18837,362.5
14487,18838,274
14487,18841,34
14487,18842,303.5
14487,18843,355.5
14487,18844,328
14487,18845,360
14487,18846,293.5
14487,18847,444
14487,18848,470
14487,18849,146
14487,18850,279.5
14487,18851,306
14487,18852,261.5
14487,18853,275
14487,18854,275.5
14487,18855,217
14487,18856,431
14487,18857,239
14487,18858,220
14487,18859,197.5
14487,18860,384
14487,18861,228.5
14487,18862,162
14487,18863,589
14487,18864,182
14487,18865,211.5
14487,18866,191
14487,18867,256.5
14487,18868,236
14487,18869,375.5
14487,18870,369
14487,18871,61
14487,18872,271
14487,18873,286
14487,18874,410.5
14487,18875,186
14487,18876,227
14487,18877,57
14487,18878,127
14487,18879,344.5
14487,18880,370.5
14487,18881,514
14487,18885,37
14487,18886,16
14487,18887,15
14487,18888,114.5
14487,18889,183
14487,18890,208
14487,18891,243.5
14487,18892,252
14487,18893,252.5
14487,18894,186
14487,18895,245
14487,18896,235
14488,18801,124
14488,18806,4
14488,18807,199
14488,18808,1243.5
14488,18809,1157.5
14488,18810,1268.5
14488,18811,16
14488,18812,424.5
14488,18813,905.5
14488,18816,6
14488,18817,71.5
14488,18820,44
14488,18821,660.5
14488,18822,188
14488,18823,167.5
14488,18824,894
14488,18825,450.5
14488,18831,16
14488,18832,44
14488,18833,206
14488,18834,1131.5
14488,18835,511.5
14488,18836,360
14488,18837,320.5
14488,18838,1102.5
14488,18840,3
14488,18841,115.5
14488,18842,347.5
14488,18843,290
14488,18844,288.5
14488,18845,454
14488,18846,264
14488,18847,872.5
14488,18848,351
14488,18849,177
14488,18850,359.5
14488,18851,354
14488,18852,694
14488,18853,354.5
14488,18854,180
14488,18855,191
14488,18856,230
14488,18857,248
14488,18858,194.5
14488,18859,198
14488,18860,199.5
14488,18861,109
14488,18862,205.5
14488,18863,121.5
14488,18864,197.5
14488,18865,240
14488,18866,773
14488,18867,163
14488,18868,316
14488,18869,197
14488,18870,426
14488,18871,136
14488,18872,160.5
14488,18873,58
14488,18874,154
14488,18875,212
14488,18876,305.5
14488,18877,180
14488,18878,131
14488,18879,78
14488,18880,352
14488,18881,386.5
14488,18882,193
14488,18883,175
14488,18884,23
14488,18885,524
14488,18886,440
14488,18887,148
14488,18888,148
14488,18890,10
14488,18891,57
14488,18892,124
14488,18893,117.5
14488,18894,257.5
14488,18895,214
14488,18896,227.5
14489,18801,608.5
14489,18803,113
14489,18804,873
14489,18805,36
14489,18806,24
14489,18807,1069
14489,18808,309
14489,18809,710.5
14489,18810,453.5
14489,18811,40
14489,18813,527.5
14489,18814,864.5
14489,18815,432.5
14489,18816,7
14489,18817,203.5
14489,18818,150.5
14489,18833,221.5
14489,18834,547
14489,18835,565.5
14489,18836,924.5
14489,18837,230
14489,18842,52
14489,18843,287.5
14489,18844,699
14489,18845,154
14489,18846,304
14489,18847,305
14489,18848,413.5
14489,18849,254
14489,18850,330
14489,18851,399
14489,18852,944.5
14489,18853,17.5
14489,18854,89
14489,18855,287
14489,18856,207
14489,18857,198
14489,18858,243
14489,18859,226.5
14489,18860,211.5
14489,18861,874
14489,18862,387
14489,18863,204.5
14489,18864,206.5
14489,18865,157
14489,18866,34.5
14489,18867,28
14489,18868,117
14489,18869,726
14489,18870,81
14489,18871,398.5
14489,18872,196
14489,18874,41
14489,18875,1640
14489,18876,745.5
14489,18879,772.5
14489,18880,221.5
14489,18881,240
14489,18882,244
14489,18883,305.5
14489,18884,329.5
14489,18885,596
14489,18886,291
14489,18887,212
14489,18888,469.5
14489,18889,465.5
14489,18892,32.5
14489,18893,38
14489,18894,28
14489,18895,84
14489,18896,109.5
14490,18802,131
14490,18803,966
14490,18804,314.5
14490,18805,175.5
14490,18806,8
14490,18807,695
14490,18808,1039.5
14490,18809,962.5
14490,18810,155.5
14490,18811,364
14490,18812,391.5
14490,18813,115
14490,18814,1627.5
14490,18815,523
14490,18816,138
14490,18817,227
14490,18818,125.5
14490,18832,7
14490,18833,261
14490,18834,107
14490,18835,581.5
14490,18836,582.5
14490,18837,589.5
14490,18838,90
14490,18839,144.5
14490,18840,194.5
14490,18841,37.5
14490,18843,26
14490,18844,74
14490,18845,35
14490,18846,573
14490,18847,260
14490,18848,291
14490,18849,407
14490,18850,421
14490,18851,207.5
14490,18854,4
14490,18855,136
14490,18856,65
14490,18857,69.5
14490,18858,175.5
14490,18859,178
14490,18860,496
14490,18861,376.5
14490,18862,252.5
14490,18863,231
14490,18864,195.5
14490,18865,447
14490,18866,66
14490,18867,42
14490,18868,743
14490,18869,3343
14490,18870,318.5
14490,18871,690.5
14490,18872,30
14490,18873,1
14490,18875,314
14490,18876,817.5
14490,18879,103
14490,18880,234
14490,18881,189
14490,18882,314
14490,18883,250
14490,18884,243.5
14490,18885,310.5
14490,18886,1123
14490,18887,394
14490,18888,93
14490,18889,261
14490,18890,2
14490,18891,13
14490,18892,249
14490,18893,256
14490,18894,221
14490,18895,179
14490,18896,107
14491,18802,870.5
14491,18803,992.5
14491,18804,171.5
14491,18805,557
14491,18806,581
14491,18807,1444.5
14491,18808,613.5
14491,18809,929
14491,18810,340.5
14491,18811,1930
14491,18812,625
14491,18813,284
14491,18814,887.5
14491,18815,362
14491,18816,1728.5
14491,18817,177
14491,18818,207.5
14491,18833,213.5
14491,18835,26
14491,18836,79.5
14491,18837,4
14491,18838,253
14491,18839,291
14491,18840,333
14491,18841,179.5
14491,18842,70.5
14491,18844,707.5
14491,18845,60
14491,18846,241
14491,18847,306
14491,18848,270
14491,18849,172.5
14491,18850,948
14491,18851,22
14491,18852,2
14491,18855,307.5
14491,18856,1029.5
14491,18858,42.5
14491,18859,248
14491,18860,227
14491,18861,125
14491,18862,278.5
14491,18863,275
14491,18864,258.5
14491,18865,1276
14491,18866,1177.5
14491,18868,656.5
14491,18869,820
14491,18870,463
14491,18871,1557
14491,18874,916.5
14491,18875,1425
14491,18876,9
14491,18878,5
14491,18879,192
14491,18880,225.5
14491,18881,337.5
14491,18882,302
14491,18883,284
14491,18884,254.5
14491,18885,89
14491,18886,506
14491,18887,1197.5
14491,18888,611
14491,18889,714
14491,18890,291
14491,18891,608
14491,18892,265.5
14491,18893,230
14491,18894,239
14491,18895,202.5
14491,18896,203.5
14492,18802,313.5
14492,18803,528
14492,18804,380.5
14492,18805,486.5
14492,18806,1059
14492,18807,701
14492,18808,886.5
14492,18809,722.5
14492,18810,629.5
14492,18811,1058.5
14492,18812,478.5
14492,18813,155.5
14492,18814,122
14492,18816,269
14492,18817,137
14492,18818,279.5
14492,18819,1483.5
14492,18820,522.5
14492,18829,8
14492,18838,138
14492,18839,218.5
14492,18840,250
14492,18841,356.5
14492,18842,362
14492,18843,777
14492,18844,179
14492,18845,315
14492,18846,272
14492,18847,250
14492,18848,155.5
14492,18854,4
14492,18858,193
14492,18859,177
14492,18860,43
14492,18861,188.5
14492,18862,290
14492,18863,271.5
14492,18864,372
14492,18865,1194
14492,18866,442.5
14492,18867,2498
14492,18868,149
14492,18870,854.5
14492,18874,661.5
14492,18875,702
14492,18876,17
14492,18877,138
14492,18878,173
14492,18879,308
14492,18880,353.5
14492,18881,658.5
14492,18882,423.5
14492,18883,302
14492,18884,211
14492,18885,269
14492,18886,361
14492,18887,578.5
14492,18888,142.5
14492,18890,10
14492,18891,196
14492,18892,256
14492,18893,233.5
14492,18894,200
14492,18895,226
14493,18802,66
14493,18803,589.5
14493,18804,6
14493,18805,5
14493,18806,1284.5
14493,18807,839
14493,18808,401.5
14493,18809,222.5
14493,18810,2095
14493,18811,580.5
14493,18812,138.5
14493,18813,815.5
14493,18814,336
14493,18815,546.5
14493,18816,545
14493,18817,322.5
14493,18818,232
14493,18819,743.5
14493,18820,801.5
14493,18821,456.5
14493,18839,216.5
14493,18840,221
14493,18841,267
14493,18842,321.5
14493,18843,1018.5
14493,18844,166
14493,18845,6
14493,18846,961.5
14493,18847,100.5
14493,18848,691.5
14493,18852,2
14493,18854,3
14493,18858,493
14493,18859,2164
14493,18860,233
14493,18861,212.5
14493,18862,251
14493,18863,248
14493,18864,202
14493,18865,271
14493,18866,477
14493,18867,1676
14493,18868,951
14493,18869,1996
14493,18870,12
14493,18872,22
14493,18873,94
14493,18874,332.5
14493,18875,239
14493,18876,266
14493,18877,272
14493,18878,207
14493,18879,221.5
14493,18880,268.5
14493,18881,450.5
14493,18882,505
14493,18883,224
14493,18884,203.5
14493,18885,818.5
14493,18886,605.5
14493,18887,987.5
14493,18888,189
14493,18890,95
14493,18891,268
14493,18892,258
14493,18893,254
14493,18894,248
14493,18895,211
14494,18802,394.5
14494,18803,476
14494,18805,5.5
14494,18806,658
14494,18807,288.5
14494,18808,1186
14494,18809,475.5
14494,18810,1321
14494,18811,14
14494,18813,31
14494,18814,205.5
14494,18815,484.5
14494,18816,369
14494,18817,344
14494,18818,747
14494,18819,1069.5
14494,18820,424
14494,18821,222.5
14494,18839,53
14494,18840,596
14494,18841,677.5
14494,18842,11
14494,18844,3529.5
14494,18845,67
14494,18846,1194
14494,18848,228.5
14494,18858,414.5
14494,18860,18
14494,18861,1519
14494,18862,625.5
14494,18863,1193.5
14494,18864,289
14494,18866,25
14494,18867,308.5
14494,18868,619
14494,18869,1460
14494,18870,393.5
14494,18872,71.5
14494,18874,116
14494,18875,498
14494,18876,600.5
14494,18877,347.5
14494,18878,250
14494,18879,227.5
14494,18880,549
14494,18881,620
14494,18882,394
14494,18883,675
14494,18884,137
14494,18886,221
14494,18887,1181.5
14494,18890,185
14494,18891,252
14494,18892,224.5
14494,18893,272
14494,18894,225.5
14495,18801,159
14495,18802,900
14495,18803,20
14495,18804,6
14495,18805,2
14495,18807,462
14495,18808,1761
14495,18809,798.5
14495,18810,640.5
14495,18811,437
14495,18813,55
14495,18814,293.5
14495,18815,860
14495,18816,673
14495,18817,260.5
14495,18818,316.5
14495,18819,257.5
14495,18820,1078.5
14495,18821,241.5
14495,18822,753
14495,18830,291
14495,18831,772
14495,18832,13
14495,18840,155
14495,18841,483
14495,18842,40
14495,18843,25
14495,18845,877.5
14495,18846,1099.5
14495,18847,103
14495,18849,31
14495,18850,2
14495,18857,8
14495,18858,120.5
14495,18859,22
14495,18860,992.5
14495,18861,447
14495,18862,903
14495,18863,602
14495,18864,10
14495,18867,51
14495,18868,241.5
14495,18869,255
14495,18870,11
14495,18874,29
14495,18875,308.5
14495,18876,305.5
14495,18877,324.5
14495,18878,194
14495,18879,185
14495,18880,1247.5
14495,18881,1135
14495,18882,364.5
14495,18883,720.5
14495,18884,716
14495,18886,166.5
14495,18887,194
14495,18888,28
14495,18889,248
14495,18890,212.5
14495,18891,264.5
14495,18892,219.5
14495,18893,214
14496,18800,718.5
14496,18801,3
14496,18802,1
14496,18803,2
14496,18805,43
14496,18807,1892.5
14496,18808,783
14496,18809,162
14496,18810,2
14496,18813,807
14496,18814,248
14496,18815,2631
14496,18816,38
14496,18817,33
14496,18818,812
14496,18819,187
14496,18820,453.5
14496,18821,540.5
14496,18822,625.5
14496,18823,287
14496,18824,391.5
14496,18830,129.5
14496,18831,746
14496,18832,573.5
14496,18833,526
14496,18834,101
14496,18841,310
14496,18842,1365
14496,18843,594
14496,18844,169
14496,18850,10
14496,18857,15
14496,18858,226
14496,18859,2
14496,18860,1318.5
14496,18861,1924.5
14496,18862,774.5
14496,18863,257
14496,18864,1166.5
14496,18865,260
14496,18875,91.5
14496,18876,261
14496,18877,69.5
14496,18878,2213
14496,18880,24
14496,18881,641.5
14496,18882,362
14496,18883,344
14496,18884,190
14496,18885,213
14496,18886,239
14496,18887,174
14496,18888,214.5
14496,18889,467
14496,18890,157
14496,18891,121
14496,18892,211
14497,18799,247
14497,18800,15
14497,18802,1
14497,18804,87
14497,18806,32
14497,18807,405
14497,18808,15.5
14497,18810,5
14497,18811,1193.5
14497,18812,476
14497,18813,11
14497,18815,80
14497,18816,146
14497,18817,1325.5
14497,18818,1037
14497,18819,1327
14497,18820,700.5
14497,18821,449
14497,18822,706.5
14497,18823,273
14497,18824,319.5
14497,18830,235.5
14497,18831,22
14497,18832,390
14497,18833,183.5
14497,18842,1259.5
14497,18843,279
14497,18844,78
14497,18858,36
14497,18860,411
14497,18861,393
14497,18862,1752
14497,18863,162
14497,18864,958.5
14497,18865,90
14497,18874,3
14497,18875,139
14497,18876,86
14497,18877,178
14497,18878,1
14497,18881,7
14497,18882,8
14497,18883,1
14497,18884,27
14497,18885,239.5
14497,18886,194.5
14497,18887,222.5
14497,18888,220.5
14497,18889,204.5
14497,18890,266
14497,18891,212
14497,18892,75
14498,18795,1
14498,18800,39.5
14498,18801,431
14498,18802,23
14498,18803,352
14498,18804,148.5
14498,18805,30
14498,18806,112
14498,18807,189
14498,18808,982.5
14498,18809,922.5
14498,18810,425.5
14498,18811,673
14498,18812,290
14498,18813,444
14498,18814,80
14498,18815,2
14498,18816,894.5
14498,18817,283.5
14498,18818,306.5
14498,18819,465.5
14498,18820,386.5
14498,18821,456
14498,18822,403
14498,18824,76.5
14498,18831,1305
14498,18832,225
14498,18833,691
14498,18842,52.5
14498,18843,679
14498,18844,459
14498,18858,4
14498,18860,184
14498,18861,263
14498,18862,4
14498,18863,38.5
14498,18864,216
14498,18873,240
14498,18874,160
14498,18875,245
14498,18876,135.5
14498,18877,14
14498,18878,31
14498,18879,69
14498,18880,8
14498,18885,53
14498,18886,170
14498,18887,209.5
14498,18888,228.5
14498,18889,198
14498,18890,204.5
14498,18891,168
14498,18892,8
14499,18798,67
14499,18799,462.5
14499,18800,674
14499,18801,576
14499,18802,59
14499,18803,392.5
14499,18804,351
14499,18805,462
14499,18806,128
14499,18807,116.5
14499,18809,495
14499,18810,593
14499,18811,616.5
14499,18812,363.5
14499,18813,1094.5
14499,18814,973
14499,18815,95.5
14499,18817,602.5
14499,18818,701
14499,18819,415.5
14499,18820,591.5
14499,18821,179
14499,18822,439.5
14499,18823,1
14499,18824,1342.5
14499,18825,173
14499,18831,1438
14499,18832,42.5
14499,18833,486.5
14499,18834,197
14499,18843,207
14499,18862,7
14499,18863,3
14499,18865,3
14499,18872,43
14499,18873,155
14499,18874,206.5
14499,18875,263
14499,18876,30
14499,18877,238
14499,18878,478
14499,18879,216.5
14499,18880,316.5
14499,18881,185.5
14499,18882,76
14499,18886,2
14499,18887,11
14499,18888,125.5
14499,18889,196.5
14499,18890,212
14499,18891,83.5
14500,18797,111
14500,18798,597.5
14500,18799,585.5
14500,18800,593.5
14500,18801,450
14500,18802,533.5
14500,18803,158
14500,18804,766
14500,18805,789.5
14500,18806,236
14500,18807,36
14500,18811,210
14500,18812,343
14500,18813,239
14500,18814,522
14500,18815,27
14500,18816,114
14500,18817,792
14500,18818,475.5
14500,18819,301.5
14500,18820,141
14500,18821,776
14500,18822,745
14500,18824,10
14500,18831,97
14500,18832,26
14500,18833,537.5
14500,18834,820.5
14500,18861,1
14500,18871,38
14500,18872,245
14500,18873,183
14500,18874,218
14500,18875,304.5
14500,18876,312
14500,18877,240
14500,18878,259.5
14500,18879,336.5
14500,18880,237
14500,18881,197
14500,18882,210
14500,18883,9
14500,18887,2
14500,18889,11
14500,18890,7
14501,18794,443
14501,18795,847
14501,18796,476
14501,18797,1029.5
14501,18798,1025.5
14501,18799,1055.5
14501,18800,1616.5
14501,18801,338.5
14501,18802,102
14501,18803,220.5
14501,18804,591.5
14501,18805,61
14501,18806,168
14501,18809,5
14501,18810,13
14501,18811,376
14501,18812,323
14501,18813,216
14501,18814,80
14501,18817,308
14501,18818,361.5
14501,18819,581.5
14501,18820,301
14501,18821,272
14501,18822,6
14501,18832,72
14501,18833,147
14501,18871,93.5
14501,18872,349
14501,18873,217
14501,18874,219
14501,18875,120
14501,18879,127
14501,18880,360.5
14501,18881,511.5
14501,18882,243
14501,18890,2
14502,18787,7
14502,18788,25
14502,18789,34.5
14502,18790,105
14502,18791,159
14502,18792,274
14502,18793,365
14502,18794,2153.5
14502,18796,246
14502,18797,208
14502,18798,46
14502,18799,75
14502,18800,938.5
14502,18801,409.5
14502,18802,58
14502,18803,1579
14502,18805,6
14502,18806,64
14502,18807,2
14502,18810,695.5
14502,18811,117.5
14502,18812,528.5
14502,18813,205
14502,18814,665.5
14502,18817,81
14502,18818,138.5
14502,18819,566.5
14502,18820,661
14502,18821,39
14502,18822,13
14502,18823,6
14502,18825,112
14502,18826,143
14502,18872,3
14502,18873,96
14502,18874,198
14502,18875,132
14502,18880,33
14502,18881,284.5
14502,18882,173
14503,18786,246
14503,18787,838.5
14503,18788,940
14503,18789,406
14503,18790,706
14503,18791,181.5
14503,18792,275.5
14503,18793,1371.5
14503,18794,1567
14503,18796,53
14503,18797,293.5
14503,18798,1565
14503,18799,150.5
14503,18800,749
14503,18801,508.5
14503,18802,75.5
14503,18803,181
14503,18806,961.5
14503,18809,253.5
14503,18810,505
14503,18811,227.5
14503,18812,140
14503,18813,53
14503,18814,19
14503,18817,5
14503,18819,56
14503,18820,831.5
14503,18821,10
14503,18822,2
14503,18825,558.5
14503,18826,276
14503,18881,8
14504,18786,302
14504,18787,270
14504,18788,803.5
14504,18789,1107.5
14504,18790,179.5
14504,18791,10
14504,18792,99
14504,18794,260
14504,18795,12
14504,18796,293.5
14504,18797,290.5
14504,18798,274
14504,18799,1015.5
14504,18800,286
14504,18801,6
14504,18803,97
14504,18804,14
14504,18805,1
14504,18806,86.5
14504,18807,4
14504,18808,7
14504,18809,123.5
14504,18810,84
14504,18811,31
14504,18812,77
14504,18813,111
14504,18814,116.5
14504,18815,108
14504,18816,12
14504,18817,53
14504,18818,1
14504,18819,382.5
14504,18820,492.5
14504,18821,41
14504,18823,3
14505,18786,322.5
14505,18787,245
14505,18788,326.5
14505,18789,485.5
14505,18790,342
14505,18791,227.5
14505,18792,94.5
14505,18793,41
14505,18794,5
14505,18795,65
14505,18796,881
14505,18797,102
14505,18800,394
14505,18801,639
14505,18804,77
14505,18805,301
14505,18806,770
14505,18807,426.5
14505,18808,157.5
14505,18809,60
14505,18810,204.5
14505,18811,306
14505,18812,588.5
14505,18813,713
14505,18814,210
14505,18815,366
14505,18816,8
14505,18817,52
14505,18818,153
14505,18819,273
14505,18820,441
14505,18821,340
14505,18822,685.5
14505,18823,139
14505,18886,3
14505,18887,54
14506,18786,204.5
14506,18787,527.5
14506,18788,1101.5
14506,18789,1743
14506,18790,336.5
14506,18791,638.5
14506,18792,582.5
14506,18793,1027.5
14506,18794,398.5
14506,18795,966
14506,18796,188
14506,18804,244
14506,18805,23
14506,18806,450.5
14506,18807,351
14506,18808,36
14506,18809,19
14506,18810,351
14506,18811,579.5
14506,18812,325
14506,18813,649
14506,18814,213.5
14506,18815,638
14506,18816,959.5
14506,18817,249
14506,18818,572
14506,18819,223
14506,18820,318.5
14506,18821,316.5
14506,18822,264
14506,18823,300.5
14506,18824,146
14506,18884,172.5
14506,18885,405
14506,18886,197
14506,18887,306.5
14507,18786,455.5
14507,18787,1360
14507,18788,355.5
14507,18789,454.5
14507,18790,131
14507,18791,364
14507,18792,637.5
14507,18793,556.5
14507,18794,540.5
14507,18795,257.5
14507,18805,134.5
14507,18806,710.5
14507,18807,788
14507,18808,24
14507,18810,19
14507,18811,97
14507,18812,1388.5
14507,18813,363.5
14507,18814,125
14507,18815,954
14507,18816,294
14507,18817,381.5
14507,18818,291
14507,18819,255
14507,18820,299.5
14507,18821,368
14507,18822,318.5
14507,18823,546
14507,18883,1
14507,18884,200
14507,18885,110
14507,18886,282
14507,18887,22
14508,18787,130.5
14508,18788,280
14508,18789,995.5
14508,18790,404
14508,18791,189.5
14508,18792,122.5
14508,18793,372
14508,18794,263.5
14508,18806,733
14508,18807,313.5
14508,18808,72
14508,18810,10
14508,18811,197.5
14508,18812,322
14508,18813,601
14508,18814,318
14508,18815,674.5
14508,18816,215
14508,18817,472
14508,18818,321
14508,18819,262
14508,18820,275
14508,18821,320
14508,18822,327
14508,18884,25
14508,18885,241
14508,18886,50
14509,18788,212.5
14509,18789,300
14509,18790,917
14509,18791,569
14509,18806,107
14509,18807,114
14509,18808,64
14509,18811,23
14509,18812,238
14509,18813,196.5
14509,18814,219
14509,18815,604.5
14509,18816,1181
14509,18817,721
14509,18818,545.5
14509,18819,823.5
14509,18820,651.5
14509,18821,385
14509,18822,211.5
14509,18883,8
14509,18884,37
14509,18885,8
14510,18790,488.5
14510,18812,219
14510,18813,136
14510,18814,213.5
14510,18815,766
14510,18816,1772
14510,18817,273
14510,18818,976.5
14510,18819,597
14510,18820,1128
14510,18880,3
14510,18882,25
14510,18883,309
14510,18884,22.5
14511,18812,16
14511,18813,13
14511,18814,127
14511,18815,292
14511,18816,867.5
14511,18817,1585
14511,18882,3
14511,18883,65.5
14511,18884,2
