commune	type	nom	lon	lat
2B002	ecole	ECOLE ELEMENTAIRE PUBLIQUE AGHIONE	9.41687	42.10618
2B009	ecole	ECOLE MATERNELLE PUBLIQUE ALERIA LUSTINCONE	9.51667	42.11686
2B009	ecole	ECOLE ELEMENTAIRE PUBLIQUE ALERIA LUSTINCONE	9.51667	42.11686
2B010	ecole	ECOLE PRIMAIRE PUBLIQUE ALGAJOLA BILINGUE LCC	8.86243	42.60838
2B020	ecole	ECOLE PRIMAIRE PUBLIQUE AREGNO BILINGUE LCC	8.89656	42.58348
2B033	ecole	ECOLE MATERNELLE PUBLIQUE ANNONCIADE JT DESANTI BILINGUE LCC	9.44231	42.7053
2B033	ecole	ECOLE MATERNELLE PUBLIQUE R.SUBISSI BILINGUE LCC BASTIA	9.43418	42.67499
2B033	ecole	ECOLE MATERNELLE PUBLIQUE BASTIA AB DEFENDINI BILINGUE LCC	9.43819	42.67443
2B033	ecole	ECOLE MATERNELLE PUBLIQUE BASTIA J. CALLONI BILINGUE LCC	9.4407	42.68188
2B033	ecole	ECOLE MATERNELLE PUBLIQUE M.REYNOARD BASTIA	9.43602	42.67404
2B033	ecole	ECOLE MATERNELLE PUBLIQUE CENTRE VENTURI	9.44876	42.69944
2B033	ecole	ECOLE MATERNELLE PUBLIQUE FRANCOIS AMADEI	9.43294	42.67837
2B033	ecole	ECOLE MATERNELLE PUBLIQUE GEORGES CHAPACK BASTIA TOGA	9.45019	42.7064
2B033	ecole	ECOLE ELEMENTAIRE APPLICATION CARDO BILINGUE LCC	9.42889	42.70349
2B033	ecole	ECOLE ELEMENTAIRE PRIVEE SCOLA CORSA DI BASTIA	9.44872	42.69878
2B033	ecole	ECOLE ELEMENTAIRE PUBLIQUE CAMPANARI BILINGUE LCC	9.4481	42.69118
2B033	ecole	ECOLE PRIMAIRE PRIVEE JEANNE D ARC	9.44454	42.69676
2B033	ecole	ECOLE PRIMAIRE BASTIA CHARLES ANDREI	9.44576	42.68338
2B033	ecole	ECOLE ELEMENTAIRE PUBLIQUE R.SUBISSI BILINGUE LCC BASTIA	9.43453	42.67507
2B033	ecole	EC.PRIMAIRE SPECIALE PUBLIQUE LA CITADELLE	9.45171	42.69294
2B033	ecole	ECOLE ELEMENTAIRE PUBLIQUE BASTIA AB DEFENDINI BILINGUE LCC	9.43819	42.67443
2B033	ecole	ECOLE ELEMENTAIRE PUBLIQUE JT DESANTI BILINGUE LCC BASTIA	9.44183	42.70548
2B033	ecole	ECOLE ELEMENTAIRE PUBLIQUE M.REYNOARD BASTIA	9.43602	42.67404
2B033	ecole	ECOLE ELEMENTAIRE PUBLIQUE BASTIA VENTURI	9.44775	42.7013
2B033	ecole	ECOLE ELEMENTAIRE PUBLIQUE FRANCOIS AMADEI	9.43294	42.67837
2B033	ecole	ECOLE ELEMENTAIRE PUBLIQUE BASTIA CHARPAK BILINGUE LCC	9.45019	42.7064
2B033	ecole	ECOLE ELEMENTAIRE PUBLIQUE BASTIA J. CALLONI BILINGUE LCC	9.44192	42.68224
2B033	college	COLLEGE PRIVE PENSIONNAT JEANNE D'ARC	9.44454	42.69676
2B033	college	COLLEGE GIRAUD	9.44622	42.69769
2B033	college	COLLEGE SIMON VINCIGUERRA	9.44756	42.69617
2B033	college	COLLEGE MONTESORO	9.43663	42.6721
2B033	college	COLLEGE SAINT-JOSEPH	9.44597	42.68998
2B033	lycee	LYCEE GENERAL ET TECHNOLOGIQUE GIOCANTE DE CASABIANCA	9.4443	42.70332
2B033	lycee	LYCEE GENERAL PRIVE PENSIONNAT JEANNE D ARC	9.44454	42.69676
2B033	lycee	LYCEE GENERAL ET TECHNOLOGIQUE PAUL VINCENSINI	9.43698	42.67038
2B033	lycee	LYCEE PROFESSIONNEL JEAN NICOLI	9.45109	42.69839
2B033	lycee	LYCEE PROFESSIONNEL MARITIME JACQUES FAGGIANELLI	9.45283	42.69198
2B033	lycee	LYCEE PROFESSIONNEL SCAMARONI	9.43698	42.67038
2B034	ecole	ECOLE PRIMAIRE PUBLIQUE BELGODERE BILINGUE LCC	9.01839	42.58277
2B037	ecole	ECOLE MATERNELLE PUBLIQUE BIGUGLIA VINCENTELLO D'ISTRIA	9.43249	42.62503
2B037	ecole	ECOLE ELEMENTAIRE PRIVEE SCOLA CORSA DI BIGUGLIA	9.43948	42.59605
2B037	ecole	ECOLE PRIMAIRE ECOLE PRIMAIRE SIMONE PERETTI BIGUGLIA	9.43423	42.60052
2B037	ecole	ECOLE PRIMAIRE PUBLIQUE T. MASSONI BILINGUE LCC BIGUGLIA	9.43311	42.62067
2B037	ecole	ECOLE ELEMENTAIRE PUBLIQUE BIGUGLIA VINCENTELLO D'ISTRIA	9.43284	42.62501
2B037	college	COLLEGE CAMPO VALLONE	9.4366	42.59777
2B042	ecole	ECOLE MATERNELLE PUBLIQUE BORGO REVINCO D.ANTONIOTTI	9.44565	42.56072
2B042	ecole	ECOLE ELEMENTAIRE PUBLIQUE ECOLE PRIMAIRE SAINT EXUPERY	9.44491	42.5624
2B042	ecole	ECOLE PRIMAIRE PUBLIQUE BORGO MARANA L'ALBA	9.49464	42.59883
2B042	ecole	ECOLE PRIMAIRE PUBLIQUE BORGO VILLAGE	9.42906	42.55348
2B042	ecole	ECOLE ELEMENTAIRE PUBLIQUE BORGO REVINCO D.ANTONIOTTI	9.44492	42.56073
2B042	lycee	LPA BORGO	9.44953	42.58649
2B043	ecole	ECOLE PRIMAIRE PUBLIQUE ERBALUNGA	9.47378	42.77469
2B047	ecole	ECOLE PRIMAIRE PUBLIQUE CALACUCCIA BILINGUE LCC	9.01824	42.336
2B049	ecole	ECOLE MATERNELLE PUBLIQUE CALENZANA BALESTRINI BILINGUE LCC	8.8583	42.50626
2B049	ecole	ECOLE ELEMENTAIRE PUBLIQUE ECOLE ELEM CALENZANA BALESTRINI	8.85718	42.50722
2B050	ecole	ECOLE MATERNELLE PUBLIQUE CALVI SANTORE	8.75415	42.56047
2B050	ecole	ECOLE MATERNELLE PUBLIQUE CALVI CARDELLU	8.75075	42.55979
2B050	ecole	ECOLE ELEMENTAIRE PUBLIQUE CALVI LOVICONI	8.75699	42.5674
2B050	ecole	ECOLE ELEMENTAIRE PUBLIQUE CALVI BARIANI	8.75699	42.5674
2B050	college	COLLEGE JEAN FELIX ORABONA	8.7516	42.56076
2B058	ecole	ECOLE ELEMENTAIRE PUBLIQUE CANARI	9.33088	42.84383
2B077	ecole	ECOLE PRIMAIRE PUBLIQUE CASTELLARE DI CASINCA	9.48493	42.47063
2B079	ecole	ECOLE PRIMAIRE PUBLIQUE PONTE NOVU BILINGUE LCC	9.2822	42.4853
2B084	ecole	ECOLE ELEMENTAIRE PUBLIQUE CATERI BILINGUE LCC	8.89285	42.57161
2B086	ecole	ECOLE PRIMAIRE PUBLIQUE CENTURI	9.35192	42.96478
2B087	ecole	ECOLE MATERNELLE PUBLIQUE CERVIONE U PETRICCIU BIL. LCC	9.49354	42.33233
2B087	ecole	ECOLE ELEMENTAIRE PUBLIQUE CERVIONE U PETRICCIU BIL.LCC	9.49336	42.33261
2B087	college	COLLEGE PH PESCETTI	9.49218	42.33273
2B093	ecole	ECOLE ELEMENTAIRE PUBLIQUE CORBARA BILINGUE LCC	8.90675	42.61744
2B096	ecole	ECOLE MATERNELLE PUBLIQUE CORTE SANDRESCHI LCC BILINGUE	9.14952	42.30886
2B096	ecole	ECOLE MATERNELLE PUBLIQUE CORTE PORETTE BILINGUE	9.15464	42.30313
2B096	ecole	ECOLE ELEMENTAIRE PRIVEE SCOLA CORSA DI CORTI	9.15532	42.3062
2B096	ecole	ECOLE ELEMENTAIRE PUBLIQUE CORTE SANDRESCHI ELEM LCC BILINGUE	9.14952	42.30886
2B096	ecole	ECOLE ELEMENTAIRE PUBLIQUE CORTE PORETTE	9.15464	42.30313
2B096	college	COLLEGE PASCAL PAOLI	9.15313	42.30503
2B096	lycee	LYCEE GENERAL ET TECHNOLOGIQUE PASCAL PAOLI	9.15263	42.30484
2B112	ecole	ECOLE PRIMAIRE PUBLIQUE FELICETO	8.9364	42.5434
2B120	ecole	ECOLE MATERNELLE PUBLIQUE FURIANI U RUSTINCU	9.43338	42.65654
2B120	ecole	ECOLE ELEMENTAIRE PUBLIQUE FURIANI II U PRINCIPELLU BILNGUE LCC	9.43258	42.6488
2B120	ecole	ECOLE ELEMENTAIRE PUBLIQUE FURIANI	9.43208	42.65712
2B121	ecole	ECOLE PRIMAIRE PUBLIQUE GALERIA BILINGUE LCC	8.64836	42.40932
2B123	ecole	ECOLE MATERNELLE PUBLIQUE GHISONACCIA BILINGUE LCC	9.40239	42.0168
2B123	ecole	ECOLE ELEMENTAIRE PUBLIQUE GHISONACCIA	9.40091	42.01793
2B134	ecole	ECOLE MATERNELLE PUBLIQUE ILE ROUSSE LE PETIT PRINCE LCC BILINGUE	8.93902	42.6289
2B134	ecole	ECOLE ELEMENTAIRE PRIVEE NOTRE-DAME	8.93755	42.6334
2B134	ecole	ECOLE ELEMENTAIRE PUBLIQUE ILE ROUSSE ALBERT CAMUS LCC BILINGUE	8.93883	42.62711
2B134	college	COLLEGE P PAOLI	8.93472	42.63106
2B134	lycee	LYCEE POLYVALENT DE BALAGNE	8.93407	42.62828
2B143	ecole	ECOLE PRIMAIRE PUBLIQUE LINGUIZETTA BRAVONE	9.53804	42.20082
2B145	ecole	ECOLE ELEMENTAIRE PUBLIQUE LORETO DI CASINCA BILINGUE LCC	9.4302	42.47575
2B148	ecole	ECOLE MATERNELLE PUBLIQUE LUCCIANA CROCETTA	9.444	42.54524
2B148	ecole	ECOLE PRIMAIRE PUBLIQUE LUCCIANA MARANA BILINGUE LCC	9.444	42.54524
2B148	ecole	ECOLE PRIMAIRE PUBLIQUE LUCCIANA CASAMOZZA	9.43945	42.52659
2B148	ecole	ECOLE ELEMENTAIRE PUBLIQUE LUCCIANA CROCETTA	9.444	42.54524
2B148	college	COLLEGE LUCCIANA MARIANA	9.45135	42.54932
2B150	ecole	ECOLE PRIMAIRE PUBLIQUE LUMIO	8.83276	42.57788
2B152	ecole	ECOLE ELEMENTAIRE PUBLIQUE LURI PIAZZA BILINGUE LCC	9.39167	42.90314
2B152	college	COLLEGE COLLEGE DU CAP	9.40583	42.89667
2B162	ecole	ECOLE PRIMAIRE PUBLIQUE MOLTIFAO BILINGUE LCC	9.11487	42.48803
2B162	college	COLLEGE MOLTIFAO	9.11487	42.48803
2B165	ecole	ECOLE PRIMAIRE BILINGUE MONCALE	8.83686	42.50953
2B166	ecole	ECOLE ELEMENTAIRE MONTE BILINGUE LCC	9.39047	42.46877
2B167	ecole	ECOLE PRIMAIRE PUBLIQUE MONTEMAGGIORE	8.88695	42.53689
2B168	ecole	ECOLE ELEMENTAIRE PUBLIQUE MONTICELLO BILINGUE LCC	8.95482	42.6163
2B169	ecole	ECOLE PRIMAIRE PUBLIQUE MOROSAGLIA PONTELECCIA BIL.LCC	9.20277	42.46509
2B169	ecole	ECOLE ELEMENTAIRE PUBLIQUE MOROSAGLIA BILINGUE LCC	9.29803	42.4351
2B172	ecole	ECOLE PRIMAIRE PUBLIQUE MURATO	9.32677	42.57866
2B173	ecole	ECOLE ELEMENTAIRE PUBLIQUE MURO	8.91447	42.5454
2B185	ecole	ECOLE PRIMAIRE PUBLIQUE OLETTA BILINGUE LCC	9.35793	42.63219
2B190	ecole	ECOLE ELEMENTAIRE PUBLIQUE OLMI-CAPELLA	9.02003	42.52825
2B193	ecole	ECOLE PRIMAIRE PUBLIQUE OMESSA FRANCARDO BILINGUE LCC	9.18985	42.39745
2B195	ecole	ECOLE ELEMENTAIRE PUBLIQUE ORTIPORIO BILINGUE LCC	9.34628	42.45556
2B205	ecole	ECOLE PRIMAIRE PUBLIQUE PATRIMONIO LCC	9.36214	42.69707
2B207	ecole	ECOLE MATERNELLE PUBLIQUE DE LA PLAINE	9.51221	42.4443
2B207	ecole	ECOLE PRIMAIRE PENTA DI CASINCA VILLAGE	9.45899	42.4659
2B207	ecole	ECOLE ELEMENTAIRE PUBLIQUE DE LA PLAINE	9.45899	42.4659
2B207	college	COLLEGE HENRI TOMASI	9.52479	42.44524
2B218	ecole	ECOLE ELEMENTAIRE PUBLIQUE PIEDICORTE-DI-CAGGIO	9.33007	42.23729
2B219	ecole	ECOLE PRIMAIRE PUBLIQUE PIEDICROCE BILINGUE LCC	9.3674	42.3745
2B223	ecole	ECOLE PRIMAIRE PUBLIQUE PIETRALBA BILINGUE LCC	9.18424	42.54644
2B224	ecole	ECOLE PRIMAIRE PUBLIQUE PIETRACORBARA	9.43081	42.84667
2B229	ecole	ECOLE MATERNELLE PUBLIQUE PIETROSO MAISON PIERAGGI	9.36774	42.09351
2B246	ecole	ECOLE PRIMAIRE PUBLIQUE LA PORTA BILINGUE LCC	9.35192	42.42082
2B251	ecole	ECOLE MATERNELLE PUBLIQUE PRUNELLI DI FIUMORBO CAPANELLA	9.37675	42.00265
2B251	ecole	ECOLE ELEMENTAIRE PUBLIQUE PRUNELLI DI FIUMORBU	9.3732	42.00519
2B251	college	COLLEGE DU FIUM'ORBU	9.40517	41.99557
2B251	lycee	LYCEE POLYVALENT DU FIUM'ORBU	9.40213	41.99888
2B252	ecole	ECOLE PRIMAIRE PRUNO	9.43988	42.42876
2B260	ecole	ECOLE PRIMAIRE PUBLIQUE RIVENTOSA BILINGUE LCC	9.18339	42.25253
2B261	ecole	ECOLE PRIMAIRE PUBLIQUE ROGLIANO MACINAGGIO	9.45424	42.95804
2B265	ecole	ECOLE ELEMENTAIRE PUBLIQUE RUTALI	9.35956	42.57935
2B281	ecole	ECOLE PRIMAIRE PUBLIQUE SISCO	9.48583	42.80863
2B298	ecole	ECOLE MATERNELLE PUBLIQUE SAINT-FLORENT	9.31329	42.68765
2B298	ecole	ECOLE ELEMENTAIRE PUBLIQUE SAINT-FLORENT	9.31329	42.68765
2B298	college	COLLEGE MARIA GHJENTILE	9.30338	42.68247
2B303	ecole	ECOLE ELEMENTAIRE PUBLIQUE GRACIEUSE CHIARARELLI BILINGUE LCC	9.54738	42.29384
2B304	ecole	ECOLE ELEMENTAIRE PUBLIQUE SAN LORENZO BILINGUE LCC	9.29111	42.38418
2B305	ecole	ECOLE MATERNELLE PUBLIQUE PIETRANERA	9.45434	42.72251
2B305	ecole	ECOLE ELEMENTAIRE PUBLIQUE PIETRANERA JOSEPH GRAZIANI	9.45434	42.72251
2B307	ecole	ECOLE PRIMAIRE GUY RIOLI	9.52371	42.38448
2B309	ecole	ECOLE MATERNELLE PUBLIQUE STA DI LOTA MIOMO L'ALBA BILINGUE LCC	9.45252	42.74306
2B309	ecole	ECOLE ELEMENTAIRE SPECIALISEE IME LES TILLEULS FIGARELLA STA MARIA DI LOTA	9.43476	42.7471
2B309	ecole	ECOLE ELEMENTAIRE PUBLIQUE SANTA MARIA DI LOTA FIGARELLA	9.45259	42.74294
2B309	ecole	ECOLE ELEMENTAIRE PUBLIQUE MIOMO SANTA MARIA DI LOTA BILINGUE LCC	9.45259	42.74294
2B311	ecole	ECOLE PRIMAIRE PUBLIQUE SANTA MARIA POGGIO MARINA D OS LCC BILINGUE	9.5353	42.35329
2B313	ecole	ECOLE MATERNELLE PUBLIQUE MORIANI PLAGE LCC	9.52493	42.37446
2B313	ecole	ECOLE ELEMENTAIRE PUBLIQUE SAN NICOLAO MORIANI PLAGE BILINGUE LCC	9.52496	42.37393
2B314	ecole	ECOLE PRIMAIRE PUBLIQUE STO PIETRO DI TENDA BIL.LCC	9.25882	42.60505
2B315	ecole	ECOLE ELEMENTAIRE PUBLIQUE SANTO PIETRO DI VENACO	9.17238	42.2458
2B316	ecole	ECOLE PRIMAIRE PUBLIQUE STA REPARATA DI BALAGNA BIL.LC	8.92952	42.60495
2B318	ecole	ECOLE PRIMAIRE TAGLIO ISOLACCIO	9.53001	42.43194
2B332	ecole	ECOLE ELEMENTAIRE PUBLIQUE URTACA BILINGUE LCC	9.15859	42.59669
2B334	ecole	ECOLE PRIMAIRE VALLE D'ALESANI BILINGUE LCC	9.4147	42.3277
2B340	ecole	ECOLE ELEMENTAIRE PUBLIQUE VELONE ORNETO BILINGUE LCC	9.4803	42.40062
2B341	ecole	ECOLE PRIMAIRE PUBLIQUE VENACO BILINGUE LCC	9.17292	42.23244
2B342	ecole	ECOLE MATERNELLE PUBLIQUE VENTISERI TRAVO	9.38469	41.91804
2B342	ecole	ECOLE ELEMENTAIRE PUBLIQUE VENTISERI TRAVO	9.38469	41.91804
2B343	ecole	ECOLE MATERNELLE PUBLIQUE VENZOLASCA CRUCIATA	9.47241	42.49324
2B343	ecole	ECOLE PRIMAIRE PUBLIQUE SORBO OCAGNANO QUERCIOLO	9.47863	42.48652
2B343	ecole	ECOLE ELEMENTAIRE PUBLIQUE VENZOLASCA VILLAGE	9.4554	42.48525
2B346	ecole	ECOLE MATERNELLE PUBLIQUE VESCOVATO ARENA	9.46424	42.50083
2B346	ecole	ECOLE ELEMENTAIRE PUBLIQUE VESCOVATO VILLAGE BILINGUE LCC	9.46598	42.50582
2B346	ecole	ECOLE ELEMENTAIRE PUBLIQUE VESCOVATO ARENA	9.46425	42.5003
2B347	ecole	ECOLE ELEMENTAIRE PUBLIQUE VEZZANI LCC BILINGUE	9.24653	42.17598
2B353	ecole	ECOLE MATERNELLE PUBLIQUE KALLISTE VILLE DI PIETRABUGNO	9.4513	42.71309
2B353	ecole	ECOLE ELEMENTAIRE APPLICATION VILLE DI PETRABUGNO BRACCINI GUAITELLA	9.43126	42.71384
2B353	ecole	ECOLE ELEMENTAIRE PUBLIQUE KALLISTE VILLE DI PIETRABUGNO	9.45135	42.71303
2B354	ecole	ECOLE ELEMENTAIRE PUBLIQUE VIVARIO	9.17036	42.17302
2B355	ecole	ECOLE ELEMENTAIRE PUBLIQUE VOLPAJOLA BARCHETTA	9.3558	42.52587
2B361	ecole	ECOLE ELEMENTAIRE PUBLIQUE ZILIA	8.90393	42.52976
